success,timestamp,pair,buy_dex,sell_dex,trade_size_usd,profit_usd,profit_pct,gas_paid,capital_after
True,2025-08-01 00:10:00+00:00,MATIC/ETH,pancakeswap,uniswap_v3,5000,11.861335812599464,0.2372267162519893,10.902019956182352,15011.861335812599
True,2025-08-01 03:45:00+00:00,AAVE/USDT,pancakeswap,sushiswap,5000,16.636575274745155,0.3327315054949031,14.230627709499828,15028.497911087343
True,2025-08-01 05:45:00+00:00,ETH/USDC,sushiswap,pancakeswap,5000,45.78935697265388,0.9157871394530775,9.262217322645897,15074.287268059998
True,2025-08-01 08:10:00+00:00,MATIC/ETH,sushiswap,pancakeswap,5000,10.291205205800907,0.20582410411601812,17.627750219871466,15084.5784732658
True,2025-08-01 13:20:00+00:00,MATIC/USDT,uniswap_v3,pancakeswap,5000,17.17272903232424,0.3434545806464848,14.285628686105795,15101.751202298125
True,2025-08-01 16:05:00+00:00,LINK/ETH,sushiswap,pancakeswap,5000,12.56453282045095,0.251290656409019,19.28521056780197,15114.315735118576
True,2025-08-01 19:20:00+00:00,ETH/USDC,pancakeswap,sushiswap,5000,22.749982794402058,0.45499965588804114,13.64762389580696,15137.065717912978
True,2025-08-01 20:50:00+00:00,UNI/ETH,sushiswap,pancakeswap,5000,17.87122423789424,0.35742448475788474,10.456753082661473,15154.93694215087
True,2025-08-02 00:00:00+00:00,ETH/USDT,sushiswap,pancakeswap,5000,20.961930303915324,0.41923860607830643,9.843152488569661,15175.898872454785
True,2025-08-02 02:30:00+00:00,ETH/DAI,pancakeswap,sushiswap,5000,25.682778618649536,0.5136555723729906,11.97964171570959,15201.581651073435
True,2025-08-02 09:10:00+00:00,UNI/ETH,pancakeswap,sushiswap,5000,26.186027738909615,0.5237205547781923,18.446890258098648,15227.767678812344
True,2025-08-02 13:55:00+00:00,AAVE/ETH,sushiswap,pancakeswap,5000,46.61886586946366,0.9323773173892732,12.387077518713317,15274.386544681809
True,2025-08-02 14:05:00+00:00,ETH/USDT,pancakeswap,sushiswap,5000,16.74677370119025,0.33493547402380497,7.674988984735279,15291.133318383
True,2025-08-02 15:55:00+00:00,UNI/ETH,sushiswap,pancakeswap,5000,34.21938284727912,0.6843876569455825,6.009887888669195,15325.352701230278
True,2025-08-02 16:00:00+00:00,ETH/DAI,pancakeswap,curve,5000,16.853368451886126,0.3370673690377225,28.00706372178526,15342.206069682165
True,2025-08-02 21:25:00+00:00,LINK/USDT,sushiswap,pancakeswap,5000,12.203270649506521,0.2440654129901304,8.448341791721786,15354.409340331671
True,2025-08-02 23:30:00+00:00,ETH/DAI,pancakeswap,sushiswap,5000,14.790277365086695,0.2958055473017339,7.032851799941924,15369.199617696759
True,2025-08-02 23:45:00+00:00,LINK/ETH,pancakeswap,sushiswap,5000,12.139659441222648,0.24279318882445294,19.1144945991593,15381.33927713798
True,2025-08-03 02:00:00+00:00,AAVE/USDT,pancakeswap,sushiswap,5000,12.791615026289037,0.25583230052578076,7.466050114136269,15394.13089216427
True,2025-08-03 05:10:00+00:00,BTC/ETH,uniswap_v3,pancakeswap,5000,25.22592635748242,0.5045185271496484,9.270492339865754,15419.356818521752
True,2025-08-03 06:00:00+00:00,AAVE/USDT,sushiswap,pancakeswap,5000,18.73243573270338,0.3746487146540676,5.821604126460467,15438.089254254455
True,2025-08-03 12:05:00+00:00,UNI/USDT,sushiswap,pancakeswap,5000,16.6900395863604,0.333800791727208,15.873078520942137,15454.779293840817
True,2025-08-03 12:35:00+00:00,UNI/USDT,pancakeswap,curve,5000,21.747048230037763,0.43494096460075526,10.52553558097239,15476.526342070854
True,2025-08-03 16:40:00+00:00,BTC/ETH,pancakeswap,curve,5000,25.807933656343266,0.5161586731268654,12.88101085975812,15502.334275727197
True,2025-08-03 16:55:00+00:00,LINK/ETH,pancakeswap,sushiswap,5000,19.3950232774705,0.38790046554941,6.585126243310486,15521.729299004666
True,2025-08-03 19:35:00+00:00,MATIC/ETH,sushiswap,uniswap_v3,5000,12.432812914332317,0.24865625828664634,23.20681131907051,15534.162111918999
True,2025-08-03 19:45:00+00:00,ETH/USDC,sushiswap,pancakeswap,5000,34.08514439584087,0.6817028879168174,16.498393468823274,15568.24725631484
True,2025-08-03 21:10:00+00:00,AAVE/ETH,sushiswap,pancakeswap,5000,14.738423808888001,0.29476847617776003,9.601456420621961,15582.98568012373
True,2025-08-03 21:10:00+00:00,ETH/DAI,pancakeswap,sushiswap,5000,16.589519904281588,0.33179039808563177,13.668640780716656,15599.575200028012
True,2025-08-04 01:00:00+00:00,ETH/USDT,pancakeswap,sushiswap,5000,23.43022523662421,0.46860450473248416,7.150219652712153,15623.005425264637
True,2025-08-04 03:05:00+00:00,MATIC/USDT,sushiswap,pancakeswap,5000,44.385961602013595,0.8877192320402719,5.377890674426724,15667.39138686665
True,2025-08-04 05:05:00+00:00,AAVE/ETH,sushiswap,pancakeswap,5000,19.22625843825608,0.38452516876512166,10.214851621767163,15686.617645304905
True,2025-08-04 07:05:00+00:00,MATIC/USDT,sushiswap,pancakeswap,5000,36.50404088873438,0.7300808177746876,10.148334564514872,15723.12168619364
True,2025-08-04 10:45:00+00:00,BTC/ETH,pancakeswap,sushiswap,5000,17.86990802618857,0.3573981605237714,7.209245615348539,15740.991594219828
True,2025-08-04 12:05:00+00:00,BTC/ETH,sushiswap,pancakeswap,5000,16.443398550396523,0.32886797100793047,11.799019873830632,15757.434992770224
True,2025-08-04 15:20:00+00:00,ETH/DAI,pancakeswap,sushiswap,5000,13.658377999192453,0.27316755998384906,17.74415270749234,15771.093370769417
True,2025-08-04 18:15:00+00:00,BTC/ETH,uniswap_v3,pancakeswap,5000,10.857758364772963,0.21715516729545925,8.142819950933818,15781.95112913419
True,2025-08-04 18:15:00+00:00,UNI/USDT,pancakeswap,sushiswap,5000,11.18900617606505,0.223780123521301,17.164995553227996,15793.140135310256
True,2025-08-04 18:45:00+00:00,UNI/USDT,pancakeswap,sushiswap,5000,11.760350864958127,0.23520701729916252,10.815446566857272,15804.900486175215
True,2025-08-05 01:25:00+00:00,ETH/USDC,sushiswap,pancakeswap,5000,13.806108840294655,0.2761221768058931,11.280596156631644,15818.706595015508
True,2025-08-05 05:35:00+00:00,LINK/USDT,pancakeswap,uniswap_v3,5000,28.124387004568234,0.5624877400913647,16.400993137450783,15846.830982020077
True,2025-08-05 10:25:00+00:00,LINK/USDT,curve,pancakeswap,5000,22.049984776138444,0.4409996955227689,21.027535985911992,15868.880966796216
True,2025-08-05 11:40:00+00:00,ETH/USDT,pancakeswap,uniswap_v3,5000,12.02519712006324,0.24050394240126477,19.583356806810784,15880.90616391628
True,2025-08-05 12:25:00+00:00,LINK/USDT,curve,pancakeswap,5000,12.350174467636862,0.24700348935273722,25.578240205149715,15893.256338383915
True,2025-08-05 12:50:00+00:00,MATIC/ETH,sushiswap,pancakeswap,5000,22.33438187946558,0.44668763758931157,17.92320606734528,15915.59072026338
True,2025-08-05 16:00:00+00:00,BTC/ETH,pancakeswap,uniswap_v3,5000,10.371239797358612,0.20742479594717225,7.088099398769808,15925.96196006074
True,2025-08-05 16:55:00+00:00,MATIC/ETH,uniswap_v3,pancakeswap,5000,33.732225696206115,0.6746445139241223,6.721265168130223,15959.694185756947
True,2025-08-05 19:20:00+00:00,AAVE/USDT,pancakeswap,sushiswap,5000,14.763369059127399,0.29526738118254797,15.792488571808446,15974.457554816076
True,2025-08-05 21:05:00+00:00,MATIC/USDT,pancakeswap,sushiswap,5000,13.79070471999512,0.2758140943999024,7.962796480970854,15988.24825953607
True,2025-08-05 22:00:00+00:00,MATIC/USDT,pancakeswap,sushiswap,5000,25.502079637589304,0.5100415927517861,6.607952659267935,16013.75033917366
True,2025-08-05 23:10:00+00:00,MATIC/USDT,uniswap_v3,pancakeswap,5000,29.93300364236711,0.5986600728473422,12.516645192474298,16043.683342816028
True,2025-08-06 03:30:00+00:00,ETH/DAI,curve,pancakeswap,5000,18.78435705526954,0.37568714110539075,13.86448971345148,16062.467699871297
True,2025-08-06 09:50:00+00:00,UNI/USDT,sushiswap,pancakeswap,5000,26.886404068667616,0.5377280813733523,6.71857790045374,16089.354103939964
True,2025-08-06 10:05:00+00:00,MATIC/ETH,sushiswap,pancakeswap,5000,12.404608463212753,0.24809216926425506,6.384730628544553,16101.758712403178
True,2025-08-06 10:15:00+00:00,UNI/USDT,pancakeswap,sushiswap,5000,12.141576112580879,0.24283152225161755,17.335556369827362,16113.900288515759
True,2025-08-06 11:10:00+00:00,AAVE/USDT,uniswap_v3,pancakeswap,5000,12.915058528413283,0.2583011705682656,5.363329424464557,16126.815347044172
True,2025-08-06 12:15:00+00:00,LINK/ETH,uniswap_v3,pancakeswap,5000,15.47035764814791,0.30940715296295823,13.229910930164191,16142.28570469232
True,2025-08-06 14:00:00+00:00,AAVE/ETH,curve,pancakeswap,5000,16.659264753080606,0.3331852950616121,23.76494764752172,16158.944969445402
True,2025-08-06 14:30:00+00:00,ETH/USDC,pancakeswap,sushiswap,5000,40.55743574308417,0.8111487148616835,12.959711189754236,16199.502405188487
True,2025-08-06 14:55:00+00:00,BTC/USDT,uniswap_v3,pancakeswap,5000,33.06954192268495,0.661390838453699,7.924235098036233,16232.571947111172
True,2025-08-06 17:15:00+00:00,ETH/USDC,pancakeswap,curve,5000,11.704974789073276,0.23409949578146552,21.923013480354975,16244.276921900244
True,2025-08-06 18:15:00+00:00,AAVE/ETH,uniswap_v3,pancakeswap,5000,33.418334510211935,0.6683666902042387,5.792947207923961,16277.695256410456
True,2025-08-06 21:00:00+00:00,LINK/ETH,uniswap_v3,pancakeswap,5000,33.73813572023482,0.6747627144046965,11.93870453553959,16311.43339213069
True,2025-08-06 21:25:00+00:00,UNI/ETH,sushiswap,pancakeswap,5000,13.177860547242744,0.2635572109448549,10.6182828047143,16324.611252677932
True,2025-08-06 22:00:00+00:00,ETH/USDC,pancakeswap,curve,5000,11.426485272477294,0.22852970544954587,26.120247176888682,16336.03773795041
True,2025-08-07 00:55:00+00:00,UNI/USDT,sushiswap,pancakeswap,5000,15.665911631965173,0.3133182326393035,16.17965555959061,16351.703649582374
True,2025-08-07 05:30:00+00:00,AAVE/ETH,sushiswap,pancakeswap,5000,11.597863082120966,0.2319572616424193,5.340319941019616,16363.301512664495
True,2025-08-07 05:40:00+00:00,BTC/ETH,curve,pancakeswap,5000,16.808695520700894,0.3361739104140179,28.606559816390764,16380.110208185197
True,2025-08-07 06:15:00+00:00,AAVE/USDT,pancakeswap,sushiswap,5000,43.19888168848047,0.8639776337696093,17.28966415509681,16423.309089873677
True,2025-08-07 06:25:00+00:00,LINK/ETH,pancakeswap,uniswap_v3,5000,25.486879932575903,0.509737598651518,8.935425484085684,16448.795969806255
True,2025-08-07 06:50:00+00:00,AAVE/USDT,sushiswap,pancakeswap,5000,37.14875757269783,0.7429751514539567,10.389107719220883,16485.944727378952
True,2025-08-07 06:50:00+00:00,ETH/USDC,pancakeswap,curve,5000,13.226966409441047,0.264539328188821,10.96609999611963,16499.171693788394
True,2025-08-07 06:50:00+00:00,UNI/ETH,pancakeswap,uniswap_v3,5000,11.4234374085936,0.22846874817187202,16.59595843014617,16510.595131196987
True,2025-08-07 07:20:00+00:00,UNI/USDT,pancakeswap,curve,5000,22.697812210115444,0.45395624420230885,26.8135488152542,16533.292943407105
True,2025-08-07 07:30:00+00:00,LINK/USDT,curve,pancakeswap,5000,17.877739891999227,0.3575547978399845,11.951216461205059,16551.170683299104
True,2025-08-07 08:30:00+00:00,BTC/ETH,pancakeswap,sushiswap,5000,12.601557570809746,0.2520311514161949,17.647960213032118,16563.772240869912
True,2025-08-07 08:40:00+00:00,UNI/USDT,sushiswap,pancakeswap,5000,13.342322928881003,0.26684645857762007,10.779980749022306,16577.114563798794
True,2025-08-07 10:35:00+00:00,LINK/USDT,uniswap_v3,pancakeswap,5000,19.08095325602426,0.3816190651204852,18.85168818984404,16596.195517054817
True,2025-08-07 10:40:00+00:00,ETH/DAI,curve,pancakeswap,5000,20.934713488138186,0.4186942697627637,21.74913460212368,16617.130230542956
True,2025-08-07 11:15:00+00:00,BTC/ETH,pancakeswap,sushiswap,5000,29.71711562890323,0.5943423125780646,5.729961691110964,16646.84734617186
True,2025-08-07 11:40:00+00:00,MATIC/USDT,pancakeswap,sushiswap,5000,19.895305134890805,0.39790610269781607,15.41825030261679,16666.74265130675
True,2025-08-07 12:05:00+00:00,BTC/ETH,pancakeswap,curve,5000,17.35205082265111,0.34704101645302216,16.12304032522615,16684.0947021294
True,2025-08-07 12:35:00+00:00,BTC/USDT,sushiswap,pancakeswap,5000,33.2575245162343,0.665150490324686,12.84495123054828,16717.352226645635
True,2025-08-07 13:00:00+00:00,ETH/DAI,sushiswap,pancakeswap,5000,19.889391384405826,0.39778782768811655,10.309064237025433,16737.241618030042
True,2025-08-07 13:30:00+00:00,LINK/ETH,pancakeswap,sushiswap,5000,11.630814123369419,0.23261628246738836,11.637976676530515,16748.87243215341
True,2025-08-07 14:25:00+00:00,MATIC/USDT,pancakeswap,sushiswap,5000,20.07413084012751,0.40148261680255015,7.414480496166474,16768.946562993537
True,2025-08-07 17:05:00+00:00,MATIC/ETH,sushiswap,pancakeswap,5000,30.929469194770718,0.6185893838954144,11.461160574345216,16799.87603218831
True,2025-08-07 19:30:00+00:00,BTC/USDT,pancakeswap,curve,5000,21.491358876309278,0.4298271775261856,29.030237623634637,16821.367391064618
True,2025-08-07 19:30:00+00:00,MATIC/ETH,pancakeswap,uniswap_v3,5000,17.05711605442957,0.3411423210885914,17.491220921029527,16838.424507119045
True,2025-08-07 20:05:00+00:00,BTC/USDT,pancakeswap,uniswap_v3,5000,36.13933343417284,0.7227866686834568,7.395584163005843,16874.56384055322
True,2025-08-07 21:25:00+00:00,ETH/USDT,sushiswap,pancakeswap,5000,16.638578434297415,0.3327715686859483,7.734100190194033,16891.202418987516
True,2025-08-07 23:20:00+00:00,AAVE/USDT,sushiswap,pancakeswap,5000,35.13833159446949,0.7027666318893898,7.161117369196941,16926.340750581985
True,2025-08-08 00:45:00+00:00,MATIC/ETH,pancakeswap,curve,5000,11.725135054030943,0.23450270108061888,12.868303502571656,16938.065885636017
True,2025-08-08 06:35:00+00:00,ETH/DAI,pancakeswap,uniswap_v3,5000,33.50432693536459,0.6700865387072917,19.818912911992108,16971.57021257138
True,2025-08-08 07:05:00+00:00,AAVE/USDT,uniswap_v3,pancakeswap,5000,13.287299008462469,0.2657459801692494,11.971780804158515,16984.85751157984
True,2025-08-08 09:20:00+00:00,ETH/USDC,pancakeswap,sushiswap,5000,39.19649587580898,0.7839299175161796,11.295606389887325,17024.05400745565
True,2025-08-08 09:40:00+00:00,ETH/USDT,sushiswap,pancakeswap,5000,44.565835834761856,0.8913167166952372,13.368927322528403,17068.61984329041
True,2025-08-08 09:55:00+00:00,ETH/DAI,pancakeswap,uniswap_v3,5000,14.479147727829513,0.2895829545565903,14.547186527939605,17083.09899101824
True,2025-08-08 10:25:00+00:00,ETH/USDT,uniswap_v3,pancakeswap,5000,10.855050221332021,0.21710100442664046,16.34277162156928,17093.954041239573
True,2025-08-08 12:20:00+00:00,MATIC/ETH,sushiswap,pancakeswap,5000,10.809733943731771,0.21619467887463545,16.45614450006733,17104.763775183303
True,2025-08-08 12:35:00+00:00,LINK/USDT,sushiswap,pancakeswap,5000,10.956519724011741,0.21913039448023483,5.872457574535416,17115.720294907314
True,2025-08-08 12:40:00+00:00,ETH/USDT,sushiswap,pancakeswap,5000,10.575251742756336,0.2115050348551267,16.431106779155908,17126.29554665007
True,2025-08-08 14:50:00+00:00,LINK/ETH,pancakeswap,sushiswap,5000,13.948394319959334,0.2789678863991867,13.757590811728752,17140.24394097003
True,2025-08-08 15:50:00+00:00,ETH/USDT,pancakeswap,sushiswap,5000,31.267819460227656,0.6253563892045532,5.862841492800298,17171.511760430258
True,2025-08-08 17:10:00+00:00,ETH/DAI,pancakeswap,sushiswap,5000,26.482030552173455,0.529640611043469,14.26194426551178,17197.99379098243
True,2025-08-08 20:30:00+00:00,MATIC/ETH,sushiswap,pancakeswap,5000,20.383704486076567,0.4076740897215313,7.212137181038267,17218.377495468507
True,2025-08-08 22:30:00+00:00,BTC/ETH,pancakeswap,sushiswap,5000,15.459727923122955,0.3091945584624591,5.474070200583935,17233.83722339163
True,2025-08-09 02:30:00+00:00,MATIC/ETH,sushiswap,pancakeswap,5000,11.578819511279107,0.23157639022558216,13.789299272598614,17245.41604290291
True,2025-08-09 04:00:00+00:00,UNI/USDT,pancakeswap,sushiswap,5000,12.462929350033846,0.2492585870006769,8.187384194469368,17257.878972252944
True,2025-08-09 08:35:00+00:00,LINK/USDT,pancakeswap,curve,5000,26.817148155461837,0.5363429631092367,16.843823364601807,17284.696120408407
True,2025-08-09 11:40:00+00:00,MATIC/USDT,curve,pancakeswap,5000,18.113227212851598,0.362264544257032,12.875517588096036,17302.80934762126
True,2025-08-09 13:15:00+00:00,LINK/USDT,pancakeswap,curve,5000,18.059251271015455,0.3611850254203091,13.564921527740294,17320.868598892273
True,2025-08-09 15:50:00+00:00,ETH/USDC,sushiswap,pancakeswap,5000,38.525547529342475,0.7705109505868496,6.346042928782745,17359.394146421615
True,2025-08-09 15:55:00+00:00,UNI/USDT,sushiswap,pancakeswap,5000,19.94303997593579,0.39886079951871584,12.637516818577259,17379.33718639755
True,2025-08-09 16:55:00+00:00,LINK/USDT,sushiswap,pancakeswap,5000,36.4270268175469,0.7285405363509381,17.7771692497282,17415.764213215098
True,2025-08-09 18:00:00+00:00,ETH/DAI,curve,pancakeswap,5000,16.83584151472951,0.33671683029459015,19.227253605085878,17432.600054729828
True,2025-08-09 19:30:00+00:00,BTC/USDT,pancakeswap,sushiswap,5000,40.67045657741619,0.8134091315483238,8.262783383868385,17473.270511307244
True,2025-08-09 19:30:00+00:00,ETH/DAI,uniswap_v3,pancakeswap,5000,19.22381868137836,0.3844763736275672,11.509045445268196,17492.49432998862
True,2025-08-09 21:20:00+00:00,BTC/ETH,sushiswap,pancakeswap,5000,24.05030931507372,0.4810061863014744,11.057693202497989,17516.544639303695
True,2025-08-09 21:40:00+00:00,AAVE/USDT,pancakeswap,curve,5000,10.034595419313519,0.20069190838627038,24.05944660574956,17526.57923472301
True,2025-08-09 23:00:00+00:00,BTC/ETH,pancakeswap,sushiswap,5000,18.28892734317469,0.3657785468634938,20.391902446134385,17544.868162066185
True,2025-08-10 00:35:00+00:00,ETH/USDT,pancakeswap,sushiswap,5000,26.308567395759383,0.5261713479151876,7.411690812432745,17571.176729461942
True,2025-08-10 00:45:00+00:00,AAVE/USDT,uniswap_v3,pancakeswap,5000,16.607103728435504,0.3321420745687101,5.556403113977262,17587.783833190377
True,2025-08-10 05:10:00+00:00,BTC/ETH,curve,pancakeswap,5000,20.55418609996559,0.4110837219993118,10.634167202539793,17608.338019290342
True,2025-08-10 07:55:00+00:00,UNI/ETH,pancakeswap,sushiswap,5000,11.896100173735249,0.237922003474705,18.910826313238612,17620.234119464076
True,2025-08-10 09:50:00+00:00,LINK/ETH,pancakeswap,sushiswap,5000,23.04453942924738,0.4608907885849476,7.6345789913920905,17643.278658893323
True,2025-08-10 11:15:00+00:00,MATIC/ETH,curve,pancakeswap,5000,30.332595999745536,0.6066519199949107,28.758595222839894,17673.61125489307
True,2025-08-10 11:35:00+00:00,UNI/USDT,pancakeswap,sushiswap,5000,22.71436939843079,0.45428738796861584,9.566384246192214,17696.3256242915
True,2025-08-10 11:45:00+00:00,MATIC/ETH,sushiswap,pancakeswap,5000,11.228529617124877,0.22457059234249754,14.33120385376689,17707.554153908626
True,2025-08-10 13:15:00+00:00,ETH/DAI,uniswap_v3,pancakeswap,5000,25.919045486529285,0.5183809097305857,9.941470070907366,17733.473199395157
True,2025-08-10 19:25:00+00:00,LINK/ETH,sushiswap,pancakeswap,5000,11.812181587950363,0.23624363175900726,5.202720008995998,17745.285380983107
True,2025-08-10 21:25:00+00:00,UNI/USDT,pancakeswap,uniswap_v3,5000,11.1239147766737,0.22247829553347398,8.882087651130345,17756.409295759782
True,2025-08-10 23:45:00+00:00,UNI/USDT,pancakeswap,curve,5000,28.625874716203725,0.5725174943240745,16.352055748479994,17785.035170475985
True,2025-08-11 00:05:00+00:00,AAVE/ETH,pancakeswap,sushiswap,5000,12.707527306607517,0.2541505461321503,5.431033528696387,17797.742697782593
True,2025-08-11 02:05:00+00:00,MATIC/USDT,curve,pancakeswap,5000,40.941863516784906,0.8188372703356981,19.389853954363588,17838.68456129938
True,2025-08-11 03:00:00+00:00,LINK/USDT,curve,pancakeswap,5000,14.417023144457744,0.2883404628891549,27.04851987679517,17853.101584443837
True,2025-08-11 03:15:00+00:00,AAVE/ETH,pancakeswap,uniswap_v3,5000,12.430682031550532,0.24861364063101066,10.666007257731533,17865.532266475388
True,2025-08-11 04:45:00+00:00,LINK/USDT,pancakeswap,curve,5000,35.18153327906657,0.7036306655813315,12.514440844817237,17900.713799754456
True,2025-08-11 07:25:00+00:00,MATIC/ETH,sushiswap,pancakeswap,5000,22.26198643612406,0.4452397287224812,12.944309694609132,17922.975786190582
True,2025-08-11 08:30:00+00:00,ETH/USDC,pancakeswap,sushiswap,5000,15.584136529707393,0.31168273059414786,12.894335427802933,17938.55992272029
True,2025-08-11 12:10:00+00:00,BTC/USDT,pancakeswap,sushiswap,5000,32.67717616022037,0.6535435232044075,10.464281636601385,17971.237098880512
True,2025-08-11 18:15:00+00:00,MATIC/ETH,sushiswap,pancakeswap,5000,46.11141172942098,0.9222282345884196,9.318567634252766,18017.348510609932
True,2025-08-11 18:20:00+00:00,MATIC/USDT,pancakeswap,sushiswap,5000,11.245174128772305,0.2249034825754461,6.8525665011955725,18028.593684738706
True,2025-08-11 20:55:00+00:00,AAVE/ETH,sushiswap,pancakeswap,5000,14.142189951287946,0.2828437990257589,8.572563609617296,18042.73587468999
True,2025-08-11 21:40:00+00:00,MATIC/ETH,uniswap_v3,pancakeswap,5000,19.568152881202877,0.39136305762405754,7.896565959247804,18062.304027571194
True,2025-08-11 23:25:00+00:00,BTC/USDT,pancakeswap,uniswap_v3,5000,10.405201544063857,0.20810403088127716,9.883434277048272,18072.70922911526
True,2025-08-11 23:25:00+00:00,LINK/ETH,pancakeswap,uniswap_v3,5000,29.25852689909334,0.5851705379818668,12.633252189491301,18101.967756014354
True,2025-08-12 00:25:00+00:00,UNI/ETH,pancakeswap,sushiswap,5000,14.343871269219562,0.28687742538439126,13.9756469183804,18116.311627283572
True,2025-08-12 02:40:00+00:00,UNI/ETH,sushiswap,pancakeswap,5000,28.905963202174462,0.5781192640434892,11.563101836196,18145.217590485747
True,2025-08-12 06:25:00+00:00,BTC/ETH,sushiswap,pancakeswap,5000,25.44273532841453,0.5088547065682906,8.649011663702321,18170.660325814162
True,2025-08-12 07:30:00+00:00,AAVE/ETH,sushiswap,pancakeswap,5000,16.049942667966206,0.3209988533593241,20.225895171937484,18186.71026848213
True,2025-08-12 09:10:00+00:00,LINK/USDT,pancakeswap,curve,5000,10.683181850613437,0.21366363701226873,15.427570369546114,18197.393450332744
True,2025-08-12 09:40:00+00:00,MATIC/ETH,sushiswap,pancakeswap,5000,19.10614617894771,0.3821229235789542,10.411273353920159,18216.49959651169
True,2025-08-12 10:40:00+00:00,MATIC/ETH,uniswap_v3,pancakeswap,5000,12.770457757884287,0.25540915515768575,17.95223367860765,18229.270054269575
True,2025-08-12 11:00:00+00:00,UNI/USDT,pancakeswap,uniswap_v3,5000,11.632415264200972,0.23264830528401942,12.386353883082965,18240.902469533776
True,2025-08-12 11:45:00+00:00,UNI/USDT,pancakeswap,curve,5000,10.024743759509875,0.2004948751901975,15.888879289061702,18250.927213293286
True,2025-08-12 12:45:00+00:00,LINK/ETH,sushiswap,pancakeswap,5000,12.395610856860003,0.24791221713720007,6.640021083833779,18263.322824150146
True,2025-08-12 13:05:00+00:00,ETH/DAI,pancakeswap,sushiswap,5000,33.542195901522064,0.6708439180304413,15.909173420132557,18296.865020051668
True,2025-08-12 16:40:00+00:00,MATIC/ETH,pancakeswap,sushiswap,5000,20.11532136547521,0.4023064273095042,6.088722756833578,18316.980341417144
True,2025-08-12 17:00:00+00:00,AAVE/USDT,pancakeswap,sushiswap,5000,14.771837145314748,0.29543674290629496,16.487988969934467,18331.75217856246
True,2025-08-12 17:25:00+00:00,ETH/DAI,pancakeswap,uniswap_v3,5000,15.986050287444414,0.3197210057488883,8.793581106777951,18347.738228849903
True,2025-08-12 17:30:00+00:00,LINK/USDT,sushiswap,pancakeswap,5000,42.64434521711246,0.8528869043422491,8.24640043517749,18390.382574067015
True,2025-08-12 17:55:00+00:00,ETH/USDC,pancakeswap,sushiswap,5000,15.32026954956018,0.3064053909912036,10.846202293357141,18405.702843616575
True,2025-08-12 17:55:00+00:00,MATIC/USDT,sushiswap,pancakeswap,5000,16.940141089245117,0.33880282178490234,8.781989053734964,18422.64298470582
True,2025-08-12 19:30:00+00:00,ETH/USDT,uniswap_v3,pancakeswap,5000,23.296533099380213,0.46593066198760424,19.449400562924783,18445.9395178052
True,2025-08-12 21:00:00+00:00,MATIC/USDT,pancakeswap,sushiswap,5000,13.323529724626496,0.2664705944925299,6.814720947943519,18459.26304752983
True,2025-08-13 00:00:00+00:00,LINK/ETH,sushiswap,pancakeswap,5000,22.432147587126565,0.44864295174253127,16.070799784936852,18481.695195116954
True,2025-08-13 01:25:00+00:00,UNI/USDT,pancakeswap,uniswap_v3,5000,54.041118724920125,1.0808223744984025,8.366188039382676,18535.736313841873
True,2025-08-13 04:55:00+00:00,MATIC/USDT,sushiswap,pancakeswap,5000,14.724111032182918,0.29448222064365837,6.1190009546272695,18550.460424874058
True,2025-08-13 07:05:00+00:00,MATIC/ETH,sushiswap,pancakeswap,5000,20.040254261877635,0.4008050852375527,5.749402773066623,18570.500679135934
True,2025-08-13 10:20:00+00:00,LINK/ETH,pancakeswap,sushiswap,5000,14.2943136758131,0.285886273516262,6.5258958103225595,18584.794992811745
True,2025-08-13 10:30:00+00:00,BTC/USDT,uniswap_v3,pancakeswap,5000,38.0671468240098,0.7613429364801959,5.281794967751316,18622.862139635756
True,2025-08-13 11:40:00+00:00,BTC/ETH,pancakeswap,uniswap_v3,5000,13.026520092189458,0.26053040184378917,8.788107251832558,18635.888659727945
True,2025-08-13 13:15:00+00:00,AAVE/USDT,sushiswap,pancakeswap,5000,30.646158919983463,0.6129231783996693,8.72460217866298,18666.534818647928
True,2025-08-13 13:55:00+00:00,BTC/ETH,pancakeswap,sushiswap,5000,17.29848553420743,0.3459697106841486,14.63541706592487,18683.833304182135
True,2025-08-13 15:10:00+00:00,ETH/DAI,pancakeswap,sushiswap,5000,10.71740034153936,0.2143480068307872,9.904607774345177,18694.550704523674
True,2025-08-13 18:40:00+00:00,MATIC/ETH,sushiswap,pancakeswap,5000,45.35897592353831,0.9071795184707662,19.997080711972757,18739.909680447214
True,2025-08-13 21:35:00+00:00,UNI/ETH,pancakeswap,sushiswap,5000,65.43613566537897,1.3087227133075794,18.382177016416424,18805.345816112593
True,2025-08-13 22:00:00+00:00,MATIC/USDT,curve,pancakeswap,5000,10.148358224437288,0.20296716448874574,12.006714763851084,18815.49417433703
True,2025-08-14 00:20:00+00:00,AAVE/USDT,pancakeswap,sushiswap,5000,11.714473883243954,0.23428947766487906,8.568584244188365,18827.208648220272
True,2025-08-14 03:05:00+00:00,BTC/ETH,sushiswap,pancakeswap,5000,35.34986079908049,0.7069972159816098,8.654721382675366,18862.558509019353
True,2025-08-14 05:05:00+00:00,AAVE/ETH,pancakeswap,sushiswap,5000,14.440897936053261,0.28881795872106525,16.366305402071,18876.999406955405
True,2025-08-14 05:10:00+00:00,LINK/ETH,sushiswap,pancakeswap,5000,11.705833599970902,0.23411667199941802,19.96572151863213,18888.705240555377
True,2025-08-14 12:30:00+00:00,AAVE/ETH,pancakeswap,sushiswap,5000,45.2905894152309,0.9058117883046178,19.08409234247258,18933.99582997061
True,2025-08-14 13:45:00+00:00,ETH/USDT,pancakeswap,sushiswap,5000,17.88018023530367,0.3576036047060734,14.116226782017497,18951.876010205913
True,2025-08-14 14:05:00+00:00,AAVE/USDT,pancakeswap,sushiswap,5000,30.51423954607526,0.6102847909215052,10.227944753537919,18982.39024975199
True,2025-08-14 14:15:00+00:00,ETH/USDT,pancakeswap,curve,5000,24.58325836171207,0.49166516723424136,17.263913825594866,19006.9735081137
True,2025-08-14 14:35:00+00:00,BTC/USDT,uniswap_v3,pancakeswap,5000,13.377187411681916,0.2675437482336383,15.335683583621783,19020.350695525383
True,2025-08-14 14:50:00+00:00,MATIC/ETH,pancakeswap,sushiswap,5000,22.061102676213522,0.44122205352427046,12.587558403172055,19042.411798201596
True,2025-08-14 21:00:00+00:00,ETH/DAI,pancakeswap,uniswap_v3,5000,14.241167746875362,0.2848233549375072,12.490429387436818,19056.652965948473
True,2025-08-14 21:10:00+00:00,ETH/USDT,sushiswap,pancakeswap,5000,42.977302620021874,0.8595460524004376,18.762191309579784,19099.630268568493
True,2025-08-14 21:15:00+00:00,AAVE/ETH,sushiswap,pancakeswap,5000,14.250884420011971,0.2850176884002394,12.013868082105708,19113.881152988506
True,2025-08-14 21:20:00+00:00,UNI/ETH,pancakeswap,sushiswap,5000,11.549695629061716,0.2309939125812343,6.702864329041539,19125.43084861757
True,2025-08-14 21:55:00+00:00,AAVE/ETH,pancakeswap,sushiswap,5000,14.749716316560807,0.29499432633121614,7.981219563546102,19140.18056493413
True,2025-08-14 22:55:00+00:00,AAVE/USDT,curve,pancakeswap,5000,28.635511996292735,0.5727102399258547,20.26731731670394,19168.816076930423
True,2025-08-15 00:50:00+00:00,ETH/USDT,sushiswap,pancakeswap,5000,14.592976890607133,0.29185953781214263,16.480056382652837,19183.40905382103
True,2025-08-15 01:45:00+00:00,LINK/ETH,pancakeswap,sushiswap,5000,18.276181221667684,0.3655236244333537,17.928466231100394,19201.685235042696
True,2025-08-15 06:20:00+00:00,BTC/ETH,sushiswap,pancakeswap,5000,18.68083324719828,0.3736166649439656,6.190256368097985,19220.366068289895
True,2025-08-15 08:30:00+00:00,AAVE/USDT,pancakeswap,uniswap_v3,5000,12.045631962401785,0.2409126392480357,6.376544225221813,19232.411700252298
True,2025-08-15 09:20:00+00:00,ETH/USDC,pancakeswap,curve,5000,41.551145231244845,0.8310229046248969,17.263619524864467,19273.962845483544
True,2025-08-15 10:10:00+00:00,ETH/USDT,curve,pancakeswap,5000,10.016792706958768,0.20033585413917537,18.695392908991913,19283.979638190503
True,2025-08-15 13:00:00+00:00,ETH/USDT,uniswap_v3,pancakeswap,5000,32.636669740868456,0.6527333948173691,12.385720004369832,19316.61630793137
True,2025-08-15 14:55:00+00:00,MATIC/USDT,curve,pancakeswap,5000,19.105115615429895,0.3821023123085979,18.59416749426359,19335.721423546798
True,2025-08-15 15:05:00+00:00,AAVE/ETH,pancakeswap,sushiswap,5000,17.243235854774866,0.3448647170954973,12.519031439175283,19352.964659401572
True,2025-08-15 15:20:00+00:00,LINK/ETH,pancakeswap,sushiswap,5000,26.878371781784153,0.5375674356356831,14.774395258567269,19379.843031183358
True,2025-08-15 15:35:00+00:00,BTC/ETH,pancakeswap,curve,5000,12.574182283146001,0.25148364566292003,19.193718370386105,19392.417213466506
True,2025-08-15 17:00:00+00:00,BTC/ETH,sushiswap,pancakeswap,5000,16.19395000142049,0.3238790000284098,7.353576592811906,19408.611163467926
True,2025-08-15 17:10:00+00:00,AAVE/USDT,sushiswap,pancakeswap,5000,46.50425196414926,0.9300850392829854,12.683448387036798,19455.115415432076
True,2025-08-15 17:15:00+00:00,UNI/USDT,curve,pancakeswap,5000,15.03651224474288,0.3007302448948576,12.971702844113139,19470.15192767682
True,2025-08-15 19:25:00+00:00,UNI/USDT,uniswap_v3,pancakeswap,5000,11.824179712781188,0.23648359425562376,11.428206879595916,19481.9761073896
True,2025-08-15 20:20:00+00:00,BTC/USDT,pancakeswap,sushiswap,5000,14.842559098575293,0.29685118197150584,13.348012361880391,19496.818666488176
True,2025-08-16 00:35:00+00:00,LINK/ETH,pancakeswap,sushiswap,5000,17.612451790880186,0.3522490358176037,10.485313526540104,19514.431118279055
True,2025-08-16 00:45:00+00:00,MATIC/USDT,pancakeswap,sushiswap,5000,18.975665297454725,0.3795133059490945,8.272054963461906,19533.40678357651
True,2025-08-16 01:55:00+00:00,MATIC/USDT,curve,pancakeswap,5000,11.554623091987196,0.23109246183974394,11.281294844522222,19544.961406668495
True,2025-08-16 03:55:00+00:00,MATIC/USDT,sushiswap,pancakeswap,5000,17.721097094768083,0.35442194189536164,15.378672632076274,19562.682503763263
True,2025-08-16 07:20:00+00:00,BTC/USDT,pancakeswap,sushiswap,5000,11.328340884351746,0.22656681768703493,7.62071114914809,19574.010844647615
True,2025-08-16 09:05:00+00:00,ETH/USDC,pancakeswap,sushiswap,5000,46.01708435832006,0.9203416871664013,9.926383766559848,19620.027929005933
True,2025-08-16 11:35:00+00:00,BTC/USDT,curve,pancakeswap,5000,11.51836084327806,0.23036721686556122,17.533877954975672,19631.54628984921
True,2025-08-16 14:55:00+00:00,BTC/USDT,pancakeswap,curve,5000,26.17115432205992,0.5234230864411984,13.763294486237179,19657.71744417127
True,2025-08-16 17:20:00+00:00,MATIC/ETH,pancakeswap,sushiswap,5000,11.027186567819626,0.22054373135639255,7.196493870277896,19668.74463073909
True,2025-08-16 20:45:00+00:00,BTC/ETH,pancakeswap,sushiswap,5000,45.741309660273146,0.9148261932054629,12.911487828338835,19714.48594039936
True,2025-08-16 20:50:00+00:00,MATIC/ETH,pancakeswap,sushiswap,5000,23.72495944201637,0.47449918884032743,16.87962684733974,19738.21089984138
True,2025-08-16 22:20:00+00:00,MATIC/USDT,pancakeswap,uniswap_v3,5000,45.7776910403627,0.915553820807254,7.7764941617436945,19783.98859088174
True,2025-08-17 01:00:00+00:00,BTC/USDT,uniswap_v3,pancakeswap,5000,12.913862664742737,0.25827725329485474,9.311447229752968,19796.902453546485
True,2025-08-17 01:00:00+00:00,LINK/USDT,pancakeswap,sushiswap,5000,11.509354520891065,0.2301870904178213,7.895789923536383,19808.411808067376
True,2025-08-17 01:50:00+00:00,MATIC/ETH,uniswap_v3,pancakeswap,5000,21.363375809779427,0.42726751619558856,5.478756931393859,19829.775183877155
True,2025-08-17 01:55:00+00:00,LINK/USDT,pancakeswap,curve,5000,10.812896081070903,0.21625792162141808,27.801456374426,19840.588079958226
True,2025-08-17 04:45:00+00:00,ETH/USDT,uniswap_v3,pancakeswap,5000,13.116325389194571,0.26232650778389144,13.312990215095711,19853.70440534742
True,2025-08-17 04:55:00+00:00,MATIC/USDT,pancakeswap,sushiswap,5000,40.59215093571129,0.8118430187142258,17.42199664607255,19894.29655628313
True,2025-08-17 05:05:00+00:00,BTC/USDT,pancakeswap,uniswap_v3,5000,11.513363510200179,0.2302672702040036,5.864907738683757,19905.80991979333
True,2025-08-17 07:20:00+00:00,ETH/DAI,curve,pancakeswap,5000,41.92696673124283,0.8385393346248566,11.609905564545441,19947.736886524573
True,2025-08-17 08:35:00+00:00,ETH/USDC,sushiswap,pancakeswap,5000,18.334146264656738,0.3666829252931348,6.030959503882402,19966.07103278923
True,2025-08-17 09:40:00+00:00,BTC/ETH,sushiswap,pancakeswap,5000,12.626029393144563,0.2525205878628913,14.620203047753508,19978.697062182375
True,2025-08-17 10:05:00+00:00,UNI/ETH,uniswap_v3,pancakeswap,5000,12.716443159716619,0.25432886319433234,14.617747706632183,19991.41350534209
True,2025-08-17 12:35:00+00:00,LINK/USDT,pancakeswap,uniswap_v3,5000,18.29419459595283,0.3658838919190566,5.921791286125879,20009.707699938044
True,2025-08-17 13:25:00+00:00,MATIC/USDT,pancakeswap,sushiswap,5000,14.752335531096833,0.29504671062193666,12.0605063411084,20024.460035469143
True,2025-08-17 13:35:00+00:00,BTC/USDT,pancakeswap,sushiswap,5000,15.148070483892297,0.3029614096778459,6.373684665873416,20039.608105953033
True,2025-08-17 14:15:00+00:00,MATIC/ETH,curve,pancakeswap,5000,18.73609083620977,0.3747218167241954,17.35382833327119,20058.344196789243
True,2025-08-17 15:15:00+00:00,ETH/DAI,sushiswap,pancakeswap,5000,50.16334576457302,1.0032669152914604,18.290833561658975,20108.507542553816
True,2025-08-17 15:25:00+00:00,AAVE/USDT,sushiswap,pancakeswap,5000,28.350983178609567,0.5670196635721914,7.994668013252997,20136.858525732427
True,2025-08-17 20:50:00+00:00,BTC/USDT,pancakeswap,uniswap_v3,5000,58.72325781481595,1.174465156296319,6.244281822839845,20195.58178354724
True,2025-08-17 23:10:00+00:00,BTC/ETH,curve,pancakeswap,5000,14.041269912035204,0.28082539824070407,11.252586650669162,20209.623053459276
True,2025-08-17 23:55:00+00:00,UNI/USDT,sushiswap,pancakeswap,5000,28.4297999176988,0.568595998353976,7.417396533713096,20238.052853376976
True,2025-08-18 00:25:00+00:00,UNI/ETH,pancakeswap,uniswap_v3,5000,10.316130352786786,0.20632260705573574,10.075907210844424,20248.368983729764
True,2025-08-18 05:00:00+00:00,BTC/USDT,pancakeswap,curve,5000,22.14101384341211,0.4428202768682422,10.369192820578027,20270.509997573175
True,2025-08-18 05:00:00+00:00,ETH/DAI,pancakeswap,sushiswap,5000,21.379837706293984,0.42759675412587966,6.349281583667958,20291.88983527947
True,2025-08-18 05:40:00+00:00,ETH/USDT,pancakeswap,sushiswap,5000,22.606383181090678,0.45212766362181356,9.319289910490195,20314.49621846056
True,2025-08-18 06:20:00+00:00,ETH/USDC,curve,pancakeswap,5000,16.388400858411842,0.32776801716823684,19.535106876775785,20330.884619318975
True,2025-08-18 06:55:00+00:00,MATIC/ETH,uniswap_v3,pancakeswap,5000,15.318045943210564,0.3063609188642113,8.572607592010073,20346.202665262186
True,2025-08-18 07:25:00+00:00,MATIC/ETH,pancakeswap,sushiswap,5000,18.82978077125881,0.3765956154251762,14.272077982063003,20365.032446033445
True,2025-08-18 08:10:00+00:00,BTC/USDT,curve,pancakeswap,5000,20.783546245838806,0.41567092491677615,29.75690865708234,20385.815992279284
True,2025-08-18 08:50:00+00:00,UNI/USDT,pancakeswap,sushiswap,5000,13.694679726052527,0.27389359452105055,11.73360514027394,20399.510672005337
True,2025-08-18 18:50:00+00:00,BTC/ETH,pancakeswap,curve,5000,16.071442491203015,0.3214288498240603,19.521734253860345,20415.58211449654
True,2025-08-18 19:40:00+00:00,ETH/USDC,sushiswap,pancakeswap,5000,53.03661656728127,1.0607323313456254,10.882647392671627,20468.618731063823
True,2025-08-18 22:25:00+00:00,UNI/ETH,pancakeswap,sushiswap,5000,19.4260545704592,0.388521091409184,10.429271491858001,20488.044785634283
True,2025-08-19 01:55:00+00:00,BTC/ETH,sushiswap,pancakeswap,5000,10.162460583715983,0.20324921167431967,11.949891363864083,20498.207246218
True,2025-08-19 08:20:00+00:00,ETH/DAI,pancakeswap,sushiswap,5000,13.684938542210148,0.27369877084420297,8.320467633944572,20511.89218476021
True,2025-08-19 09:10:00+00:00,ETH/DAI,pancakeswap,sushiswap,5000,16.2360286975927,0.324720573951854,6.789185463776339,20528.128213457803
True,2025-08-19 10:45:00+00:00,ETH/DAI,sushiswap,pancakeswap,5000,28.478663776407302,0.569573275528146,12.52069567594198,20556.60687723421
True,2025-08-19 17:45:00+00:00,ETH/USDC,pancakeswap,uniswap_v3,5000,10.935687715265885,0.2187137543053177,11.165462696060743,20567.54256494948
True,2025-08-19 19:40:00+00:00,AAVE/USDT,sushiswap,pancakeswap,5000,11.653784502299459,0.2330756900459892,14.799056018323109,20579.196349451777
True,2025-08-19 21:00:00+00:00,UNI/ETH,pancakeswap,sushiswap,5000,15.07147194953177,0.3014294389906354,10.263378346319652,20594.267821401307
True,2025-08-19 22:55:00+00:00,BTC/USDT,sushiswap,pancakeswap,5000,11.421438301240414,0.22842876602480827,11.824464380135055,20605.689259702547
True,2025-08-20 05:05:00+00:00,AAVE/ETH,sushiswap,pancakeswap,5000,13.425158210908194,0.2685031642181639,8.416712391080733,20619.114417913457
True,2025-08-20 09:55:00+00:00,LINK/ETH,pancakeswap,curve,5000,10.45785979716129,0.2091571959432258,12.006887504024498,20629.57227771062
True,2025-08-20 10:25:00+00:00,ETH/USDC,pancakeswap,curve,5000,47.902213955349,0.95804427910698,16.0629930357692,20677.47449166597
True,2025-08-20 11:25:00+00:00,BTC/USDT,curve,pancakeswap,5000,12.514871759205562,0.25029743518411124,11.179453248801277,20689.989363425175
True,2025-08-20 11:35:00+00:00,BTC/USDT,pancakeswap,uniswap_v3,5000,13.237983407228057,0.26475966814456114,10.184953133280692,20703.227346832402
True,2025-08-20 18:50:00+00:00,BTC/USDT,sushiswap,pancakeswap,5000,12.876047564408509,0.25752095128817015,7.010728070623495,20716.10339439681
True,2025-08-20 20:45:00+00:00,AAVE/USDT,uniswap_v3,pancakeswap,5000,20.976941638112294,0.4195388327622459,8.299156481457153,20737.080336034924
True,2025-08-20 21:00:00+00:00,MATIC/USDT,pancakeswap,uniswap_v3,5000,25.19408169293456,0.5038816338586912,15.854366256352792,20762.27441772786
True,2025-08-20 22:55:00+00:00,LINK/ETH,pancakeswap,curve,5000,19.216339037948273,0.3843267807589655,28.068013402084382,20781.49075676581
True,2025-08-20 23:10:00+00:00,AAVE/USDT,sushiswap,pancakeswap,5000,13.564682698204706,0.2712936539640941,10.560215705286716,20795.055439464013
True,2025-08-21 01:30:00+00:00,AAVE/ETH,pancakeswap,sushiswap,5000,17.72106723838533,0.3544213447677066,19.170138299377015,20812.776506702397
True,2025-08-21 02:45:00+00:00,UNI/USDT,pancakeswap,uniswap_v3,5000,17.58339631875151,0.35166792637503025,5.438322578449331,20830.359903021148
True,2025-08-21 03:10:00+00:00,UNI/ETH,sushiswap,pancakeswap,5000,12.409769886549839,0.24819539773099675,8.964136246928673,20842.7696729077
True,2025-08-21 04:10:00+00:00,LINK/USDT,pancakeswap,sushiswap,5000,16.84101487017415,0.33682029740348296,14.246976490437804,20859.610687777873
True,2025-08-21 04:20:00+00:00,BTC/ETH,pancakeswap,uniswap_v3,5000,31.848185446353455,0.6369637089270691,7.32336109962742,20891.458873224226
True,2025-08-21 07:40:00+00:00,MATIC/USDT,pancakeswap,sushiswap,5000,19.138376038637034,0.3827675207727407,11.456257979110774,20910.597249262864
True,2025-08-21 08:20:00+00:00,ETH/USDT,pancakeswap,sushiswap,5000,32.741950959084534,0.6548390191816906,9.286838795316223,20943.339200221948
True,2025-08-21 11:35:00+00:00,ETH/DAI,pancakeswap,uniswap_v3,5000,19.338911026949972,0.38677822053899946,14.404537074545884,20962.678111248897
True,2025-08-21 11:55:00+00:00,AAVE/ETH,sushiswap,pancakeswap,5000,13.221455718096877,0.26442911436193756,9.652882311294933,20975.899566966993
True,2025-08-21 13:05:00+00:00,BTC/ETH,pancakeswap,uniswap_v3,5000,16.75844232377949,0.3351688464755898,12.549783006013572,20992.65800929077
True,2025-08-21 15:00:00+00:00,LINK/USDT,sushiswap,pancakeswap,5000,16.616412700969704,0.3323282540193941,18.095587315566256,21009.27442199174
True,2025-08-21 19:20:00+00:00,ETH/DAI,pancakeswap,curve,5000,16.484117393645647,0.32968234787291295,24.046770148043585,21025.758539385388
True,2025-08-21 19:50:00+00:00,LINK/ETH,pancakeswap,sushiswap,5000,12.654264171027535,0.2530852834205507,19.384171652231466,21038.412803556414
True,2025-08-21 20:00:00+00:00,UNI/USDT,sushiswap,pancakeswap,5000,27.491708399379604,0.5498341679875921,6.828616009683286,21065.904511955792
True,2025-08-21 20:15:00+00:00,ETH/USDC,pancakeswap,uniswap_v3,5000,15.19183628137398,0.3038367256274796,8.290134780646008,21081.096348237166
True,2025-08-21 23:15:00+00:00,AAVE/ETH,pancakeswap,curve,5000,13.623207300890499,0.27246414601781,11.188514376752385,21094.719555538057
True,2025-08-22 02:55:00+00:00,LINK/ETH,curve,pancakeswap,5000,15.336752693167,0.30673505386334,12.520588131383219,21110.056308231222
True,2025-08-22 03:00:00+00:00,MATIC/ETH,pancakeswap,sushiswap,5000,17.365124727977673,0.3473024945595535,6.121240680399188,21127.4214329592
True,2025-08-22 03:25:00+00:00,AAVE/ETH,sushiswap,pancakeswap,5000,13.805795514388592,0.2761159102877718,10.833348819480532,21141.22722847359
True,2025-08-22 03:25:00+00:00,MATIC/USDT,sushiswap,pancakeswap,5000,21.748749756939105,0.4349749951387821,7.158116299682322,21162.975978230526
True,2025-08-22 03:55:00+00:00,ETH/USDT,pancakeswap,sushiswap,5000,10.696115207859293,0.21392230415718588,10.489120335400601,21173.672093438385
True,2025-08-22 06:35:00+00:00,MATIC/USDT,uniswap_v3,pancakeswap,5000,24.91428615551831,0.49828572311036623,15.03438400033988,21198.586379593904
True,2025-08-22 07:40:00+00:00,UNI/USDT,pancakeswap,sushiswap,5000,36.65107734707635,0.7330215469415271,11.953724940409566,21235.23745694098
True,2025-08-22 07:45:00+00:00,LINK/USDT,pancakeswap,uniswap_v3,5000,30.145769263059265,0.6029153852611854,11.187931277194135,21265.383226204038
True,2025-08-22 08:20:00+00:00,AAVE/ETH,curve,pancakeswap,5000,15.87140292463937,0.3174280584927874,16.918014470311654,21281.254629128678
True,2025-08-22 09:50:00+00:00,BTC/ETH,pancakeswap,sushiswap,5000,10.39739089097111,0.2079478178194222,17.73421857945051,21291.65202001965
True,2025-08-22 09:55:00+00:00,ETH/USDC,pancakeswap,curve,5000,10.794239025659408,0.21588478051318816,14.595983413984216,21302.44625904531
True,2025-08-22 10:00:00+00:00,ETH/USDT,curve,pancakeswap,5000,13.431563979270322,0.26863127958540645,11.838389266345901,21315.87782302458
True,2025-08-22 11:50:00+00:00,MATIC/USDT,sushiswap,pancakeswap,5000,11.803652828382837,0.23607305656765673,10.80344661599071,21327.681475852965
True,2025-08-22 12:25:00+00:00,LINK/USDT,sushiswap,pancakeswap,5000,13.245093982551225,0.26490187965102446,15.407103290033007,21340.926569835516
True,2025-08-22 13:00:00+00:00,AAVE/ETH,pancakeswap,uniswap_v3,5000,15.037834691676835,0.3007566938335367,9.332608287040124,21355.964404527193
True,2025-08-22 17:15:00+00:00,LINK/USDT,pancakeswap,sushiswap,5000,13.49131001632577,0.2698262003265154,17.774831995256594,21369.455714543517
True,2025-08-22 19:30:00+00:00,AAVE/ETH,sushiswap,pancakeswap,5000,18.416006647059476,0.3683201329411895,10.842738651611818,21387.871721190575
True,2025-08-22 22:25:00+00:00,UNI/ETH,pancakeswap,sushiswap,5000,14.110316267559028,0.28220632535118056,8.549463889296948,21401.982037458132
True,2025-08-22 22:50:00+00:00,UNI/USDT,sushiswap,pancakeswap,5000,29.839406291506748,0.596788125830135,19.86097436807255,21431.82144374964
True,2025-08-22 23:10:00+00:00,ETH/DAI,pancakeswap,uniswap_v3,5000,30.26182629585037,0.6052365259170074,8.846748166744689,21462.08327004549
True,2025-08-23 01:00:00+00:00,UNI/USDT,curve,pancakeswap,5000,13.473497020401737,0.26946994040803474,28.815981730683355,21475.55676706589
True,2025-08-23 02:30:00+00:00,ETH/USDT,pancakeswap,curve,5000,12.896155468237339,0.25792310936474677,22.676124488868226,21488.452922534125
True,2025-08-23 02:35:00+00:00,BTC/ETH,pancakeswap,sushiswap,5000,10.590510154541334,0.2118102030908267,5.714064051139401,21499.043432688668
True,2025-08-23 05:45:00+00:00,LINK/ETH,sushiswap,pancakeswap,5000,10.802384143840754,0.2160476828768151,19.998138678658908,21509.84581683251
True,2025-08-23 07:20:00+00:00,LINK/ETH,pancakeswap,uniswap_v3,5000,13.979418914309463,0.2795883782861892,5.809438765344296,21523.82523574682
True,2025-08-23 13:40:00+00:00,UNI/ETH,pancakeswap,curve,5000,14.097749529813882,0.28195499059627765,21.908350711306014,21537.922985276633
True,2025-08-23 14:20:00+00:00,BTC/USDT,sushiswap,pancakeswap,5000,15.579393508397516,0.3115878701679503,8.478642556787854,21553.50237878503
True,2025-08-23 17:05:00+00:00,AAVE/USDT,sushiswap,pancakeswap,5000,22.473941325059968,0.44947882650119936,15.602879044672804,21575.97632011009
True,2025-08-23 17:05:00+00:00,BTC/USDT,pancakeswap,sushiswap,5000,18.74118034757612,0.3748236069515224,13.355387315501462,21594.717500457667
True,2025-08-23 17:10:00+00:00,BTC/USDT,sushiswap,pancakeswap,5000,11.774415115731244,0.23548830231462486,18.179574117935807,21606.4919155734
True,2025-08-23 18:55:00+00:00,ETH/USDC,pancakeswap,sushiswap,5000,14.070436111772324,0.28140872223544644,13.431706417302248,21620.56235168517
True,2025-08-23 20:40:00+00:00,UNI/USDT,sushiswap,pancakeswap,5000,60.850742723012445,1.2170148544602488,17.7798302456113,21681.413094408184
True,2025-08-24 00:50:00+00:00,UNI/USDT,pancakeswap,curve,5000,18.537223454838568,0.37074446909677133,12.296375843945146,21699.950317863022
True,2025-08-24 03:40:00+00:00,LINK/ETH,sushiswap,pancakeswap,5000,31.08262129548166,0.6216524259096331,12.636513046089528,21731.032939158504
True,2025-08-24 09:50:00+00:00,ETH/DAI,pancakeswap,uniswap_v3,5000,19.147579235430385,0.3829515847086077,15.618586269215674,21750.180518393936
True,2025-08-24 10:45:00+00:00,ETH/USDT,pancakeswap,curve,5000,17.6343973141029,0.35268794628205796,12.579318257535967,21767.81491570804
True,2025-08-24 11:45:00+00:00,BTC/ETH,pancakeswap,curve,5000,27.670660274565307,0.5534132054913061,22.795359781390896,21795.485575982606
True,2025-08-24 13:05:00+00:00,ETH/USDC,pancakeswap,sushiswap,5000,23.593490221813227,0.4718698044362645,7.741091769712378,21819.07906620442
True,2025-08-24 13:15:00+00:00,MATIC/USDT,uniswap_v3,pancakeswap,5000,75.2476648450347,1.5049532969006942,8.257195514229085,21894.326731049456
True,2025-08-24 16:45:00+00:00,ETH/USDT,pancakeswap,uniswap_v3,5000,19.403220702802173,0.38806441405604347,13.305314203155472,21913.72995175226
True,2025-08-24 18:45:00+00:00,LINK/USDT,sushiswap,pancakeswap,5000,33.56795376640548,0.6713590753281097,12.175889434594286,21947.297905518666
True,2025-08-24 20:15:00+00:00,LINK/ETH,sushiswap,pancakeswap,5000,11.325360484146586,0.2265072096829317,7.879367635328566,21958.62326600281
True,2025-08-25 01:55:00+00:00,ETH/DAI,pancakeswap,sushiswap,5000,15.548140291492928,0.3109628058298586,6.649432739845869,21974.171406294303
True,2025-08-25 02:25:00+00:00,UNI/USDT,sushiswap,pancakeswap,5000,11.033412502551982,0.22066825005103963,17.6860749778607,21985.204818796854
True,2025-08-25 04:35:00+00:00,BTC/ETH,sushiswap,pancakeswap,5000,21.343961958452383,0.42687923916904763,15.06052912289782,22006.548780755307
True,2025-08-25 06:30:00+00:00,AAVE/USDT,sushiswap,pancakeswap,5000,14.509268525405787,0.2901853705081157,6.705100820491112,22021.058049280713
True,2025-08-25 06:55:00+00:00,ETH/DAI,sushiswap,pancakeswap,5000,11.801331495297745,0.2360266299059549,13.47848434419767,22032.85938077601
True,2025-08-25 08:15:00+00:00,AAVE/USDT,curve,pancakeswap,5000,19.189033467365334,0.3837806693473067,14.37912341284663,22052.048414243378
True,2025-08-25 08:25:00+00:00,MATIC/ETH,sushiswap,pancakeswap,5000,11.1148425291276,0.222296850582552,13.117552154478592,22063.163256772506
True,2025-08-25 11:45:00+00:00,UNI/USDT,pancakeswap,sushiswap,5000,21.624898928788753,0.432497978575775,10.53582433183395,22084.788155701295
True,2025-08-25 13:35:00+00:00,LINK/USDT,pancakeswap,uniswap_v3,5000,69.08928590568485,1.381785718113697,5.816145570074856,22153.87744160698
True,2025-08-25 14:05:00+00:00,MATIC/ETH,curve,pancakeswap,5000,25.65056795044893,0.5130113590089787,15.633810648734391,22179.528009557427
True,2025-08-25 14:25:00+00:00,BTC/USDT,pancakeswap,sushiswap,5000,14.027823010903376,0.2805564602180675,11.368751953757075,22193.55583256833
True,2025-08-25 14:30:00+00:00,LINK/USDT,sushiswap,pancakeswap,5000,22.557297721956274,0.4511459544391255,16.776450141212653,22216.113130290287
True,2025-08-25 15:25:00+00:00,LINK/USDT,sushiswap,pancakeswap,5000,17.26815432656167,0.3453630865312334,9.463046953266819,22233.381284616848
True,2025-08-25 16:35:00+00:00,AAVE/ETH,uniswap_v3,pancakeswap,5000,10.369891564119825,0.20739783128239653,11.393826375769514,22243.751176180966
True,2025-08-25 17:25:00+00:00,MATIC/ETH,sushiswap,pancakeswap,5000,11.946331900637233,0.23892663801274466,13.5188879342056,22255.697508081605
True,2025-08-25 17:50:00+00:00,ETH/USDT,sushiswap,pancakeswap,5000,27.427771128582208,0.5485554225716441,7.088435876326177,22283.125279210188
True,2025-08-25 18:00:00+00:00,BTC/ETH,sushiswap,pancakeswap,5000,23.021216395566626,0.46042432791133253,9.671886806900694,22306.146495605753
True,2025-08-25 18:15:00+00:00,AAVE/ETH,sushiswap,pancakeswap,5000,19.719409979416923,0.3943881995883385,5.70901220645015,22325.86590558517
True,2025-08-25 18:35:00+00:00,AAVE/USDT,sushiswap,pancakeswap,5000,10.179581760287874,0.2035916352057575,7.942140395980282,22336.04548734546
True,2025-08-25 19:10:00+00:00,ETH/USDC,pancakeswap,curve,5000,11.050714729370156,0.22101429458740315,14.431823118422107,22347.096202074827
True,2025-08-25 19:55:00+00:00,LINK/USDT,pancakeswap,sushiswap,5000,27.59957434995249,0.5519914869990498,14.961486261288115,22374.695776424778
True,2025-08-25 21:15:00+00:00,LINK/USDT,pancakeswap,sushiswap,5000,25.244327014015653,0.5048865402803131,15.260830462123756,22399.940103438792
True,2025-08-26 02:55:00+00:00,MATIC/USDT,pancakeswap,sushiswap,5000,18.226510248350678,0.36453020496701355,6.045314206449794,22418.166613687143
True,2025-08-26 06:45:00+00:00,UNI/USDT,sushiswap,pancakeswap,5000,16.94334162100313,0.33886683242006255,17.211988495736662,22435.109955308144
True,2025-08-26 09:50:00+00:00,ETH/USDT,curve,pancakeswap,5000,23.96597321063382,0.4793194642126764,10.556822495683326,22459.075928518778
True,2025-08-26 11:05:00+00:00,LINK/USDT,pancakeswap,uniswap_v3,5000,16.532926255827988,0.3306585251165598,8.484377792360165,22475.608854774604
True,2025-08-26 11:35:00+00:00,ETH/USDT,pancakeswap,curve,5000,15.104658477285739,0.30209316954571475,10.500257771854823,22490.71351325189
True,2025-08-26 13:35:00+00:00,MATIC/USDT,pancakeswap,sushiswap,5000,10.582384402840944,0.21164768805681886,8.618066336152523,22501.29589765473
True,2025-08-26 14:10:00+00:00,AAVE/ETH,pancakeswap,sushiswap,5000,12.46770077860856,0.24935401557217118,6.470958777044917,22513.76359843334
True,2025-08-26 18:30:00+00:00,AAVE/USDT,curve,pancakeswap,5000,35.8371274241008,0.7167425484820159,13.354600905197568,22549.60072585744
True,2025-08-26 20:10:00+00:00,LINK/USDT,pancakeswap,sushiswap,5000,11.552694313207212,0.23105388626414422,14.831762305374236,22561.153420170645
True,2025-08-26 22:15:00+00:00,BTC/USDT,sushiswap,pancakeswap,5000,22.31194047515146,0.4462388095030292,12.881888642652346,22583.465360645798
True,2025-08-26 22:50:00+00:00,LINK/USDT,pancakeswap,sushiswap,5000,17.034198727797957,0.34068397455595917,16.14276146215486,22600.499559373595
True,2025-08-27 00:50:00+00:00,AAVE/USDT,sushiswap,pancakeswap,5000,21.374719475184065,0.4274943895036813,12.368633395742041,22621.87427884878
True,2025-08-27 02:10:00+00:00,UNI/ETH,sushiswap,pancakeswap,5000,22.049231048452384,0.4409846209690477,17.92804908543826,22643.92350989723
True,2025-08-27 04:25:00+00:00,LINK/USDT,pancakeswap,sushiswap,5000,16.482393544592014,0.3296478708918403,16.231919616694977,22660.405903441824
True,2025-08-27 04:30:00+00:00,ETH/USDC,pancakeswap,curve,5000,28.197355117697953,0.5639471023539591,19.7242453257427,22688.603258559524
True,2025-08-27 05:05:00+00:00,ETH/USDC,pancakeswap,sushiswap,5000,27.394535541697223,0.5478907108339445,7.1576989991684705,22715.997794101222
True,2025-08-27 05:15:00+00:00,AAVE/USDT,pancakeswap,curve,5000,34.672267796740016,0.6934453559348003,13.586611136458036,22750.670061897963
True,2025-08-27 06:20:00+00:00,MATIC/ETH,sushiswap,pancakeswap,5000,15.52306261643389,0.31046125232867783,7.585292806236041,22766.193124514397
True,2025-08-27 08:20:00+00:00,AAVE/USDT,pancakeswap,sushiswap,5000,15.15465859303913,0.3030931718607826,12.03844676132122,22781.347783107434
True,2025-08-27 10:05:00+00:00,UNI/USDT,pancakeswap,sushiswap,5000,22.1369968986819,0.442739937973638,10.991932709494723,22803.484780006118
True,2025-08-27 10:45:00+00:00,ETH/USDT,sushiswap,pancakeswap,5000,11.278171361036584,0.2255634272207317,5.7601309368131695,22814.762951367156
True,2025-08-27 12:40:00+00:00,MATIC/ETH,pancakeswap,uniswap_v3,5000,21.617807254729996,0.43235614509459996,10.517567556352365,22836.380758621886
True,2025-08-27 12:55:00+00:00,MATIC/USDT,sushiswap,pancakeswap,5000,44.26400741159432,0.8852801482318864,9.883439544016777,22880.64476603348
True,2025-08-27 13:40:00+00:00,ETH/USDT,pancakeswap,sushiswap,5000,12.025439374205234,0.2405087874841047,8.720961447120848,22892.67020540769
True,2025-08-27 21:15:00+00:00,MATIC/USDT,uniswap_v3,pancakeswap,5000,16.314223424453303,0.32628446848906606,11.359422957184968,22908.98442883214
True,2025-08-28 00:10:00+00:00,UNI/ETH,uniswap_v3,pancakeswap,5000,14.787346777643506,0.2957469355528701,10.404861124964425,22923.771775609785
True,2025-08-28 00:40:00+00:00,ETH/USDT,sushiswap,pancakeswap,5000,16.632172755323154,0.33264345510646304,5.895785085373235,22940.403948365107
True,2025-08-28 01:55:00+00:00,LINK/ETH,pancakeswap,sushiswap,5000,23.313264613790125,0.4662652922758025,11.592904077620647,22963.717212978896
True,2025-08-28 03:20:00+00:00,BTC/USDT,sushiswap,pancakeswap,5000,14.34675985436752,0.2869351970873504,16.611819143639963,22978.063972833264
True,2025-08-28 03:45:00+00:00,BTC/ETH,pancakeswap,sushiswap,5000,23.69725186467076,0.47394503729341525,6.696495227877956,23001.761224697933
True,2025-08-28 03:45:00+00:00,BTC/USDT,sushiswap,pancakeswap,5000,11.51211015453191,0.23024220309063823,7.457107959074557,23013.273334852463
True,2025-08-28 07:35:00+00:00,ETH/USDC,pancakeswap,sushiswap,5000,32.8660517317885,0.6573210346357701,10.301798394762722,23046.13938658425
True,2025-08-28 11:25:00+00:00,BTC/USDT,pancakeswap,sushiswap,5000,23.122412311162407,0.46244824622324815,10.629767742531833,23069.261798895415
True,2025-08-28 13:05:00+00:00,MATIC/USDT,pancakeswap,sushiswap,5000,36.30847243950393,0.7261694487900786,5.729873852254757,23105.57027133492
True,2025-08-28 13:55:00+00:00,MATIC/USDT,uniswap_v3,pancakeswap,5000,25.328425245838844,0.506568504916777,10.713981549676975,23130.89869658076
True,2025-08-28 15:20:00+00:00,UNI/USDT,sushiswap,pancakeswap,5000,22.586374825134953,0.45172749650269906,11.040351968339378,23153.485071405896
True,2025-08-28 15:25:00+00:00,LINK/ETH,sushiswap,pancakeswap,5000,11.780027373361918,0.23560054746723835,7.053250427291828,23165.26509877926
True,2025-08-28 20:05:00+00:00,ETH/USDC,pancakeswap,sushiswap,5000,21.724341786002697,0.4344868357200539,10.9434662016656,23186.98944056526
True,2025-08-28 21:20:00+00:00,ETH/USDC,pancakeswap,sushiswap,5000,36.59189536332269,0.7318379072664538,20.131027321220827,23223.581335928582
True,2025-08-28 23:40:00+00:00,UNI/USDT,pancakeswap,sushiswap,5000,52.947007078948445,1.058940141578969,5.729040679693941,23276.52834300753
True,2025-08-28 23:55:00+00:00,UNI/ETH,pancakeswap,sushiswap,5000,53.24373368834131,1.0648746737668262,7.233467488891915,23329.77207669587
True,2025-08-29 00:45:00+00:00,LINK/USDT,uniswap_v3,pancakeswap,5000,25.270853147293565,0.5054170629458713,14.682667540194023,23355.042929843163
True,2025-08-29 04:00:00+00:00,ETH/DAI,pancakeswap,sushiswap,5000,14.674731444129975,0.29349462888259953,15.411805608476985,23369.717661287294
True,2025-08-29 05:55:00+00:00,BTC/ETH,pancakeswap,sushiswap,5000,21.41738913149493,0.4283477826298986,14.090935235197632,23391.135050418787
True,2025-08-29 05:55:00+00:00,BTC/USDT,pancakeswap,sushiswap,5000,12.206598809694697,0.24413197619389393,10.69350618611519,23403.34164922848
True,2025-08-29 07:15:00+00:00,BTC/ETH,pancakeswap,sushiswap,5000,18.364574058335165,0.36729148116670335,8.427795844779247,23421.706223286816
True,2025-08-29 07:50:00+00:00,AAVE/ETH,sushiswap,pancakeswap,5000,14.436963133434801,0.28873926266869604,12.228301124043899,23436.14318642025
True,2025-08-29 10:35:00+00:00,MATIC/USDT,pancakeswap,sushiswap,5000,25.750386535519283,0.5150077307103856,14.481015630589662,23461.89357295577
True,2025-08-29 10:55:00+00:00,ETH/DAI,pancakeswap,curve,5000,11.061342104993855,0.22122684209987709,21.636428574498535,23472.954915060764
True,2025-08-29 14:00:00+00:00,MATIC/ETH,pancakeswap,sushiswap,5000,16.640699749734267,0.33281399499468534,9.997747540581727,23489.595614810496
True,2025-08-29 15:55:00+00:00,ETH/USDC,pancakeswap,uniswap_v3,5000,27.643686177219024,0.5528737235443805,5.270931448477049,23517.239300987716
True,2025-08-29 15:55:00+00:00,LINK/USDT,pancakeswap,sushiswap,5000,10.344445893667398,0.20688891787334798,8.132614074802305,23527.583746881384
True,2025-08-29 16:55:00+00:00,MATIC/USDT,pancakeswap,sushiswap,5000,12.461691700822485,0.2492338340164497,11.366429816936302,23540.04543858221
True,2025-08-29 17:00:00+00:00,AAVE/ETH,curve,pancakeswap,5000,20.018168631731896,0.40036337263463795,17.790250041852467,23560.06360721394
True,2025-08-29 17:45:00+00:00,MATIC/ETH,uniswap_v3,pancakeswap,5000,16.031621982898287,0.32063243965796573,9.530096226891345,23576.095229196835
True,2025-08-29 23:20:00+00:00,LINK/ETH,pancakeswap,uniswap_v3,5000,15.356348475288542,0.30712696950577084,5.652732427798849,23591.451577672124
True,2025-08-30 03:15:00+00:00,UNI/USDT,pancakeswap,sushiswap,5000,10.064312468544813,0.20128624937089623,15.789680538697239,23601.51589014067
True,2025-08-30 05:30:00+00:00,UNI/ETH,pancakeswap,curve,5000,17.447712009818133,0.3489542401963626,12.459894290541854,23618.963602150485
True,2025-08-30 06:55:00+00:00,AAVE/USDT,pancakeswap,uniswap_v3,5000,31.40167142563496,0.6280334285126992,19.50231607142372,23650.36527357612
True,2025-08-30 08:05:00+00:00,MATIC/USDT,uniswap_v3,pancakeswap,5000,45.29547056697902,0.9059094113395804,6.089130692464088,23695.6607441431
True,2025-08-30 11:25:00+00:00,LINK/USDT,sushiswap,pancakeswap,5000,22.898504840271016,0.45797009680542033,6.647322443060154,23718.559248983373
True,2025-08-30 11:40:00+00:00,BTC/USDT,pancakeswap,sushiswap,5000,39.890083970885826,0.7978016794177166,7.146298451366171,23758.44933295426
True,2025-08-30 13:10:00+00:00,AAVE/USDT,sushiswap,pancakeswap,5000,27.487964122186895,0.549759282443738,8.787822545123518,23785.937297076445
True,2025-08-30 14:35:00+00:00,UNI/USDT,sushiswap,pancakeswap,5000,36.42915856190393,0.7285831712380787,13.959752796223748,23822.36645563835
True,2025-08-30 18:30:00+00:00,ETH/USDC,uniswap_v3,pancakeswap,5000,13.118735821299197,0.2623747164259839,5.158386982966271,23835.485191459647
True,2025-08-30 19:05:00+00:00,LINK/USDT,pancakeswap,sushiswap,5000,29.2018522284925,0.58403704456985,7.948011199941116,23864.68704368814
True,2025-08-30 20:25:00+00:00,LINK/USDT,sushiswap,pancakeswap,5000,18.40802687049836,0.36816053740996724,9.45785640303095,23883.095070558637
True,2025-08-30 22:45:00+00:00,BTC/USDT,sushiswap,pancakeswap,5000,14.561868598226283,0.2912373719645257,9.39763375722346,23897.656939156863
True,2025-08-31 02:50:00+00:00,AAVE/USDT,pancakeswap,curve,5000,16.810244135233006,0.33620488270466015,18.571142395701255,23914.467183292094
True,2025-08-31 03:50:00+00:00,AAVE/USDT,pancakeswap,sushiswap,5000,18.816050534225724,0.37632101068451446,15.23824356769356,23933.283233826318
True,2025-08-31 04:35:00+00:00,BTC/USDT,pancakeswap,uniswap_v3,5000,22.538856015958117,0.4507771203191623,14.076289026298989,23955.822089842277
True,2025-08-31 05:05:00+00:00,UNI/ETH,pancakeswap,sushiswap,5000,13.792878969935373,0.2758575793987075,14.104383032156539,23969.614968812213
True,2025-08-31 07:25:00+00:00,AAVE/USDT,pancakeswap,curve,5000,14.856427162855653,0.2971285432571131,10.750986121132598,23984.47139597507
True,2025-08-31 07:55:00+00:00,UNI/ETH,pancakeswap,sushiswap,5000,11.584424151130406,0.23168848302260814,11.920417018823292,23996.0558201262
True,2025-08-31 09:15:00+00:00,UNI/USDT,pancakeswap,sushiswap,5000,11.280251569085522,0.22560503138171042,8.787310820387447,24007.336071695285
True,2025-08-31 14:05:00+00:00,LINK/USDT,sushiswap,pancakeswap,5000,29.700347300336944,0.5940069460067389,5.176032757261618,24037.036418995624
True,2025-08-31 19:45:00+00:00,LINK/ETH,sushiswap,pancakeswap,5000,26.749081664090227,0.5349816332818045,7.071546712657509,24063.785500659713
True,2025-08-31 21:10:00+00:00,AAVE/ETH,pancakeswap,curve,5000,22.305037001076926,0.44610074002153854,17.533118134395103,24086.09053766079
True,2025-08-31 21:20:00+00:00,AAVE/ETH,pancakeswap,sushiswap,5000,10.840734480099854,0.2168146896019971,13.257135854910507,24096.931272140893
True,2025-09-01 01:10:00+00:00,AAVE/USDT,pancakeswap,sushiswap,5000,22.759470626210714,0.4551894125242143,19.363358576202277,24119.690742767103
True,2025-09-01 01:15:00+00:00,UNI/USDT,pancakeswap,sushiswap,5000,38.22266668185421,0.7644533336370841,14.11207503682913,24157.913409448956
True,2025-09-01 08:15:00+00:00,LINK/USDT,pancakeswap,curve,5000,38.37915904734746,0.7675831809469491,28.767086638852817,24196.292568496305
True,2025-09-01 08:30:00+00:00,ETH/DAI,uniswap_v3,pancakeswap,5000,24.624204055921837,0.4924840811184368,20.09552530206508,24220.916772552227
True,2025-09-01 09:25:00+00:00,MATIC/ETH,curve,pancakeswap,5000,32.01971648469771,0.6403943296939542,14.506275384873023,24252.936489036925
True,2025-09-01 13:35:00+00:00,UNI/USDT,pancakeswap,uniswap_v3,5000,16.04770556182575,0.320954111236515,5.5563407462272,24268.98419459875
True,2025-09-01 14:05:00+00:00,ETH/USDC,pancakeswap,sushiswap,5000,24.531883932063465,0.49063767864126934,16.699291464978593,24293.516078530814
True,2025-09-01 14:30:00+00:00,UNI/USDT,sushiswap,pancakeswap,5000,34.956983673205286,0.6991396734641058,19.124429706923376,24328.47306220402
True,2025-09-01 15:40:00+00:00,UNI/ETH,curve,pancakeswap,5000,16.237470542341725,0.3247494108468345,14.02365697364128,24344.71053274636
True,2025-09-01 18:45:00+00:00,AAVE/ETH,pancakeswap,sushiswap,5000,12.826184839537746,0.25652369679075493,7.517176337667952,24357.5367175859
True,2025-09-01 19:50:00+00:00,AAVE/ETH,uniswap_v3,pancakeswap,5000,13.51191108981402,0.27023822179628043,8.26096938097529,24371.048628675715
True,2025-09-01 20:25:00+00:00,AAVE/USDT,sushiswap,pancakeswap,5000,26.547992738538596,0.5309598547707719,13.54049496420691,24397.596621414254
True,2025-09-01 21:25:00+00:00,ETH/USDC,pancakeswap,uniswap_v3,5000,27.709214512135986,0.5541842902427198,8.830073866920834,24425.30583592639
True,2025-09-01 21:40:00+00:00,ETH/USDT,sushiswap,pancakeswap,5000,52.8838141823926,1.057676283647852,16.890736363707685,24478.189650108783
True,2025-09-01 21:45:00+00:00,LINK/ETH,pancakeswap,sushiswap,5000,13.71835969284166,0.2743671938568332,15.345200600180755,24491.908009801624
True,2025-09-01 23:15:00+00:00,AAVE/USDT,sushiswap,pancakeswap,5000,21.734612848335928,0.43469225696671854,6.742580945286635,24513.64262264996
True,2025-09-02 00:55:00+00:00,UNI/USDT,uniswap_v3,pancakeswap,5000,21.10587025537461,0.42211740510749224,6.195020369456804,24534.748492905335
True,2025-09-02 01:45:00+00:00,LINK/ETH,curve,pancakeswap,5000,11.852660319244023,0.23705320638488045,12.807003927885654,24546.60115322458
True,2025-09-02 03:35:00+00:00,AAVE/ETH,pancakeswap,sushiswap,5000,30.68701447114745,0.613740289422949,6.4205660582315485,24577.288167695726
True,2025-09-02 04:40:00+00:00,MATIC/USDT,pancakeswap,sushiswap,5000,20.63009324867471,0.41260186497349427,5.46330332340932,24597.9182609444
True,2025-09-02 07:05:00+00:00,UNI/ETH,curve,pancakeswap,5000,12.840668816399557,0.2568133763279911,10.801803922571189,24610.7589297608
True,2025-09-02 07:10:00+00:00,UNI/ETH,uniswap_v3,pancakeswap,5000,13.677287846878244,0.2735457569375649,18.660186236415143,24624.436217607676
True,2025-09-02 08:00:00+00:00,LINK/USDT,curve,pancakeswap,5000,37.16117540308005,0.743223508061601,23.958390490181205,24661.597393010758
True,2025-09-02 11:05:00+00:00,LINK/ETH,pancakeswap,sushiswap,5000,13.788088917589448,0.27576177835178894,11.603806894547592,24675.385481928348
True,2025-09-02 15:45:00+00:00,BTC/ETH,curve,pancakeswap,5000,45.698000832688194,0.9139600166537639,15.56055452749985,24721.083482761038
True,2025-09-02 21:45:00+00:00,LINK/ETH,sushiswap,pancakeswap,5000,11.271280992736138,0.22542561985472273,19.928185113275386,24732.354763753774
True,2025-09-02 21:50:00+00:00,MATIC/USDT,sushiswap,pancakeswap,5000,18.11988603591908,0.3623977207183816,15.729501217038498,24750.474649789692
True,2025-09-02 23:00:00+00:00,ETH/USDC,pancakeswap,uniswap_v3,5000,29.022666921829114,0.5804533384365823,8.316146170489352,24779.49731671152
True,2025-09-03 00:00:00+00:00,UNI/ETH,pancakeswap,sushiswap,5000,21.657172823905967,0.43314345647811936,11.670953784054692,24801.154489535427
True,2025-09-03 01:00:00+00:00,MATIC/ETH,sushiswap,pancakeswap,5000,10.960598615550225,0.2192119723110045,10.815767079366932,24812.11508815098
True,2025-09-03 02:00:00+00:00,UNI/USDT,pancakeswap,sushiswap,5000,12.61793674999808,0.2523587349999616,8.452190013404456,24824.733024900976
True,2025-09-03 03:30:00+00:00,UNI/ETH,sushiswap,pancakeswap,5000,21.20894499080805,0.42417889981616097,7.092803060724,24845.941969891785
True,2025-09-03 05:55:00+00:00,AAVE/ETH,sushiswap,pancakeswap,5000,11.476085615860939,0.22952171231721877,8.909799957626253,24857.418055507645
True,2025-09-03 06:20:00+00:00,AAVE/ETH,sushiswap,pancakeswap,5000,33.191769309668416,0.6638353861933682,9.870833843178744,24890.609824817315
True,2025-09-03 06:30:00+00:00,LINK/ETH,sushiswap,pancakeswap,5000,18.43538193398672,0.3687076386797344,8.248115603588763,24909.045206751303
True,2025-09-03 09:30:00+00:00,LINK/USDT,curve,pancakeswap,5000,13.435550019205948,0.26871100038411894,10.298918494588975,24922.48075677051
True,2025-09-03 12:05:00+00:00,MATIC/ETH,pancakeswap,curve,5000,28.543796692981232,0.5708759338596247,17.362499126976243,24951.024553463492
True,2025-09-03 12:45:00+00:00,UNI/ETH,pancakeswap,sushiswap,5000,18.1834823305353,0.36366964661070594,12.717348124432412,24969.20803579403
True,2025-09-03 16:00:00+00:00,AAVE/ETH,sushiswap,pancakeswap,5000,14.153593706952961,0.2830718741390592,17.70330311592512,24983.36162950098
True,2025-09-03 16:30:00+00:00,AAVE/ETH,pancakeswap,curve,5000,22.5983126966521,0.451966253933042,25.205803475683503,25005.959942197635
True,2025-09-03 22:10:00+00:00,AAVE/USDT,curve,pancakeswap,5000,25.619706548237446,0.512394130964749,18.25967696660641,25031.579648745872
True,2025-09-04 00:55:00+00:00,MATIC/ETH,curve,pancakeswap,5000,11.953793558269354,0.23907587116538706,13.485105547727443,25043.533442304142
True,2025-09-04 02:40:00+00:00,ETH/USDC,sushiswap,pancakeswap,5000,17.334572223990108,0.34669144447980216,6.431341761168678,25060.868014528132
True,2025-09-04 06:35:00+00:00,UNI/ETH,pancakeswap,curve,5000,17.79709787721822,0.3559419575443644,29.826336404313174,25078.66511240535
True,2025-09-04 09:50:00+00:00,MATIC/USDT,pancakeswap,sushiswap,5000,18.272404298918445,0.3654480859783689,10.450578665521226,25096.937516704267
True,2025-09-04 15:30:00+00:00,BTC/ETH,pancakeswap,uniswap_v3,5000,26.898665470512242,0.5379733094102448,17.11918380107731,25123.83618217478
True,2025-09-04 17:50:00+00:00,BTC/ETH,pancakeswap,uniswap_v3,5000,11.413938146243709,0.22827876292487417,17.928131436212226,25135.250120321023
True,2025-09-04 21:55:00+00:00,MATIC/ETH,sushiswap,pancakeswap,5000,20.63156459335096,0.4126312918670192,5.68945394278263,25155.881684914373
True,2025-09-04 23:35:00+00:00,BTC/ETH,sushiswap,pancakeswap,5000,30.37836623779367,0.6075673247558734,10.982564897242415,25186.260051152167
True,2025-09-05 01:45:00+00:00,UNI/USDT,pancakeswap,sushiswap,5000,10.387760976872414,0.2077552195374483,8.806803654729883,25196.64781212904
True,2025-09-05 04:45:00+00:00,ETH/USDC,pancakeswap,uniswap_v3,5000,28.06905979473413,0.5613811958946826,7.497767543128781,25224.716871923774
True,2025-09-05 09:30:00+00:00,UNI/ETH,pancakeswap,sushiswap,5000,39.922246846866074,0.7984449369373215,13.937004425106462,25264.63911877064
True,2025-09-05 09:45:00+00:00,AAVE/USDT,sushiswap,pancakeswap,5000,24.589511008955924,0.49179022017911844,11.897226171220403,25289.228629779594
True,2025-09-05 09:55:00+00:00,LINK/ETH,sushiswap,pancakeswap,5000,24.425000610225652,0.48850001220451306,16.912416859008957,25313.65363038982
True,2025-09-05 11:05:00+00:00,ETH/USDC,pancakeswap,sushiswap,5000,11.12170590203732,0.2224341180407464,9.141651291479244,25324.77533629186
True,2025-09-05 13:30:00+00:00,LINK/ETH,pancakeswap,sushiswap,5000,66.5275493716972,1.330550987433944,12.31146822936575,25391.302885663557
True,2025-09-05 14:00:00+00:00,AAVE/USDT,pancakeswap,curve,5000,10.478799099217213,0.20957598198434427,20.75788335388407,25401.781684762776
True,2025-09-05 17:55:00+00:00,ETH/DAI,sushiswap,pancakeswap,5000,30.388005339898882,0.6077601067979777,16.011099268599697,25432.169690102673
True,2025-09-05 19:45:00+00:00,ETH/USDC,pancakeswap,sushiswap,5000,28.96880315382532,0.5793760630765064,7.531641022911195,25461.138493256498
True,2025-09-05 21:45:00+00:00,UNI/USDT,curve,pancakeswap,5000,54.58753019724281,1.0917506039448563,25.993098394456524,25515.72602345374
True,2025-09-05 22:00:00+00:00,AAVE/ETH,pancakeswap,sushiswap,5000,14.287216042991531,0.2857443208598306,11.310891949687562,25530.01323949673
True,2025-09-05 23:45:00+00:00,ETH/DAI,sushiswap,pancakeswap,5000,16.602756505973048,0.332055130119461,18.340468936454293,25546.615996002703
True,2025-09-06 00:55:00+00:00,BTC/USDT,sushiswap,pancakeswap,5000,25.109985893813246,0.5021997178762649,11.952090749435364,25571.725981896518
True,2025-09-06 01:25:00+00:00,LINK/ETH,sushiswap,pancakeswap,5000,23.882851638208194,0.4776570327641639,6.529083536689425,25595.608833534727
True,2025-09-06 02:55:00+00:00,ETH/USDT,sushiswap,pancakeswap,5000,14.988163971898757,0.29976327943797515,10.969234865208568,25610.596997506625
True,2025-09-06 08:05:00+00:00,BTC/USDT,sushiswap,pancakeswap,5000,25.139118088180112,0.5027823617636022,5.456337509500117,25635.736115594806
True,2025-09-06 08:30:00+00:00,UNI/ETH,pancakeswap,sushiswap,5000,29.3046991020301,0.586093982040602,6.054323503070699,25665.040814696837
True,2025-09-06 09:10:00+00:00,BTC/USDT,sushiswap,pancakeswap,5000,12.96889506876414,0.2593779013752828,17.3953063467292,25678.0097097656
True,2025-09-06 11:10:00+00:00,LINK/ETH,curve,pancakeswap,5000,13.874849802887184,0.27749699605774364,12.13775600428206,25691.884559568487
True,2025-09-06 20:00:00+00:00,UNI/USDT,sushiswap,pancakeswap,5000,13.286559827384735,0.26573119654769467,13.926788788246778,25705.171119395873
True,2025-09-06 20:30:00+00:00,LINK/USDT,pancakeswap,sushiswap,5000,14.940749899362345,0.2988149979872469,13.710456321688055,25720.111869295237
True,2025-09-06 21:35:00+00:00,ETH/DAI,pancakeswap,curve,5000,37.819646979630306,0.7563929395926061,28.990776598148965,25757.931516274868
True,2025-09-06 23:10:00+00:00,AAVE/USDT,sushiswap,pancakeswap,5000,10.560729669476132,0.21121459338952264,5.923360416857297,25768.492245944344
True,2025-09-07 00:35:00+00:00,LINK/ETH,uniswap_v3,pancakeswap,5000,13.713801372140551,0.27427602744281104,16.54695914911876,25782.206047316486
True,2025-09-07 01:25:00+00:00,AAVE/ETH,sushiswap,pancakeswap,5000,15.332511134325614,0.30665022268651226,13.97152128960616,25797.53855845081
True,2025-09-07 03:45:00+00:00,UNI/ETH,pancakeswap,sushiswap,5000,10.517386446645105,0.2103477289329021,12.821214093379371,25808.055944897456
True,2025-09-07 13:35:00+00:00,UNI/ETH,sushiswap,pancakeswap,5000,10.429789231076029,0.2085957846215206,11.240153811802498,25818.48573412853
True,2025-09-07 14:20:00+00:00,ETH/USDT,pancakeswap,uniswap_v3,5000,12.614201874735045,0.2522840374947009,8.379883213640548,25831.099936003266
True,2025-09-07 16:35:00+00:00,MATIC/USDT,sushiswap,pancakeswap,5000,10.624120894076441,0.2124824178815288,18.554308705781093,25841.724056897343
True,2025-09-07 17:25:00+00:00,ETH/DAI,pancakeswap,sushiswap,5000,13.166967313603891,0.26333934627207783,6.829290326192078,25854.89102421095
True,2025-09-07 18:45:00+00:00,AAVE/USDT,pancakeswap,sushiswap,5000,10.167075028872205,0.2033415005774441,5.888140356869262,25865.05809923982
True,2025-09-07 20:15:00+00:00,LINK/ETH,sushiswap,pancakeswap,5000,11.205812875126867,0.22411625750253733,14.674131175758077,25876.263912114948
True,2025-09-07 21:40:00+00:00,MATIC/USDT,pancakeswap,sushiswap,5000,20.377965239154946,0.4075593047830989,5.860594011462556,25896.6418773541
True,2025-09-08 00:45:00+00:00,AAVE/ETH,pancakeswap,uniswap_v3,5000,34.504028001953884,0.6900805600390777,13.273892472924473,25931.145905356054
True,2025-09-08 02:00:00+00:00,LINK/USDT,pancakeswap,uniswap_v3,5000,15.332846418733425,0.3066569283746685,6.540814608656039,25946.478751774786
True,2025-09-08 03:35:00+00:00,AAVE/ETH,sushiswap,pancakeswap,5000,11.489057110895374,0.22978114221790746,5.920050487056609,25957.96780888568
True,2025-09-08 04:30:00+00:00,UNI/USDT,uniswap_v3,pancakeswap,5000,16.554971458441287,0.33109942916882573,16.92045068988246,25974.522780344123
True,2025-09-08 04:35:00+00:00,LINK/USDT,sushiswap,pancakeswap,5000,42.54609621901727,0.8509219243803455,5.352838810961725,26017.068876563142
True,2025-09-08 05:10:00+00:00,BTC/USDT,pancakeswap,sushiswap,5000,21.99331816234462,0.43986636324689243,6.401196132878898,26039.062194725488
True,2025-09-08 05:15:00+00:00,BTC/ETH,curve,pancakeswap,5000,29.035892159095965,0.5807178431819193,28.761810694659573,26068.098086884584
True,2025-09-08 05:25:00+00:00,LINK/USDT,pancakeswap,uniswap_v3,5000,13.548128353278116,0.2709625670655623,11.614604944622743,26081.646215237863
True,2025-09-08 06:50:00+00:00,ETH/USDC,pancakeswap,curve,5000,11.943279890291706,0.23886559780583413,10.657307315677754,26093.589495128155
True,2025-09-08 07:30:00+00:00,ETH/USDT,pancakeswap,curve,5000,10.154531400112319,0.2030906280022464,11.382280678898898,26103.744026528268
True,2025-09-08 07:35:00+00:00,AAVE/USDT,pancakeswap,uniswap_v3,5000,26.36874796840675,0.527374959368135,11.280795522790692,26130.112774496673
True,2025-09-08 08:50:00+00:00,AAVE/ETH,pancakeswap,sushiswap,5000,11.987543591804751,0.239750871836095,11.163602967145358,26142.100318088476
True,2025-09-08 08:55:00+00:00,ETH/USDT,sushiswap,pancakeswap,5000,19.89935089728715,0.397987017945743,6.270538325492522,26161.999668985765
True,2025-09-08 12:45:00+00:00,AAVE/ETH,curve,pancakeswap,5000,15.098777829041865,0.3019755565808373,23.517320332018123,26177.09844681481
True,2025-09-08 14:05:00+00:00,BTC/USDT,pancakeswap,curve,5000,22.290154910418096,0.44580309820836195,12.575651627336747,26199.388601725226
True,2025-09-08 15:55:00+00:00,ETH/USDC,sushiswap,pancakeswap,5000,33.81452609937787,0.6762905219875575,8.220772231773129,26233.203127824603
True,2025-09-08 17:05:00+00:00,MATIC/ETH,sushiswap,pancakeswap,5000,28.552853581766612,0.5710570716353323,10.511175276115635,26261.75598140637
True,2025-09-08 18:25:00+00:00,BTC/ETH,uniswap_v3,pancakeswap,5000,27.25084637202326,0.5450169274404653,10.636228289512824,26289.006827778394
True,2025-09-08 20:00:00+00:00,ETH/USDC,sushiswap,pancakeswap,5000,11.330465419465327,0.22660930838930654,12.859925284822664,26300.33729319786
True,2025-09-08 20:30:00+00:00,ETH/USDT,sushiswap,pancakeswap,5000,20.74327590302255,0.41486551806045097,5.24772447907244,26321.080569100883
True,2025-09-08 21:00:00+00:00,BTC/ETH,pancakeswap,sushiswap,5000,39.799595871148085,0.7959919174229618,12.321902904993683,26360.88016497203
True,2025-09-08 21:50:00+00:00,AAVE/USDT,pancakeswap,sushiswap,5000,22.42328882593847,0.4484657765187694,12.898148117447457,26383.30345379797
True,2025-09-08 22:45:00+00:00,AAVE/USDT,sushiswap,pancakeswap,5000,12.155431117429544,0.24310862234859087,10.253444120424332,26395.4588849154
True,2025-09-09 02:35:00+00:00,BTC/ETH,curve,pancakeswap,5000,10.370861452382087,0.20741722904764173,23.384377248640153,26405.82974636778
True,2025-09-09 03:10:00+00:00,MATIC/USDT,pancakeswap,sushiswap,5000,15.829212299346182,0.31658424598692364,14.710261841842765,26421.658958667125
True,2025-09-09 03:15:00+00:00,BTC/ETH,pancakeswap,sushiswap,5000,11.831652598798428,0.23663305197596857,8.206456065702888,26433.490611265923
True,2025-09-09 03:55:00+00:00,BTC/ETH,curve,pancakeswap,5000,12.883991309413432,0.2576798261882686,11.07411626827459,26446.374602575335
True,2025-09-09 06:55:00+00:00,BTC/ETH,sushiswap,pancakeswap,5000,13.684783412222714,0.2736956682444543,5.55236490490019,26460.05938598756
True,2025-09-09 11:30:00+00:00,AAVE/ETH,curve,pancakeswap,5000,14.728551878312828,0.2945710375662566,23.35913852437047,26474.787937865873
True,2025-09-09 13:10:00+00:00,AAVE/USDT,sushiswap,pancakeswap,5000,54.48539903294568,1.0897079806589136,13.749658201973933,26529.27333689882
True,2025-09-09 13:25:00+00:00,LINK/USDT,pancakeswap,sushiswap,5000,15.209363855363335,0.30418727710726673,14.955773436087707,26544.482700754183
True,2025-09-09 13:40:00+00:00,ETH/USDC,pancakeswap,uniswap_v3,5000,14.192536326944719,0.2838507265388944,8.624811371782855,26558.675237081126
True,2025-09-09 15:30:00+00:00,MATIC/ETH,uniswap_v3,pancakeswap,5000,15.19320879177667,0.3038641758355334,16.436935226631686,26573.868445872904
True,2025-09-09 16:10:00+00:00,LINK/ETH,pancakeswap,curve,5000,58.215446347495345,1.164308926949907,19.989368536887767,26632.0838922204
True,2025-09-09 17:10:00+00:00,MATIC/USDT,sushiswap,pancakeswap,5000,33.64304698007254,0.6728609396014509,5.430382648053092,26665.72693920047
True,2025-09-09 19:30:00+00:00,UNI/USDT,curve,pancakeswap,5000,19.577634607112486,0.39155269214224975,14.276538705100183,26685.30457380758
True,2025-09-09 21:50:00+00:00,ETH/USDC,pancakeswap,curve,5000,27.593955254716093,0.5518791050943219,15.971011965864445,26712.8985290623
True,2025-09-09 23:30:00+00:00,AAVE/USDT,sushiswap,pancakeswap,5000,31.18530892806848,0.6237061785613696,9.490954386648662,26744.083837990365
True,2025-09-10 01:05:00+00:00,UNI/USDT,sushiswap,pancakeswap,5000,35.127365080650634,0.7025473016130127,11.72075330741981,26779.211203071016
True,2025-09-10 01:25:00+00:00,AAVE/USDT,pancakeswap,curve,5000,21.534630824873602,0.43069261649747204,27.034938516370843,26800.74583389589
True,2025-09-10 02:30:00+00:00,AAVE/USDT,sushiswap,pancakeswap,5000,32.73706091870008,0.6547412183740016,7.9518123656064486,26833.482894814588
True,2025-09-10 06:30:00+00:00,LINK/USDT,sushiswap,pancakeswap,5000,16.557307532080813,0.33114615064161623,12.810786770607217,26850.040202346667
True,2025-09-10 07:10:00+00:00,UNI/USDT,uniswap_v3,pancakeswap,5000,19.420306498300306,0.38840612996600615,7.8659777488356735,26869.460508844968
True,2025-09-10 08:35:00+00:00,AAVE/USDT,pancakeswap,sushiswap,5000,10.44509144930089,0.20890182898601778,5.899884920248384,26879.905600294267
True,2025-09-10 09:05:00+00:00,LINK/USDT,pancakeswap,uniswap_v3,5000,54.98207733818526,1.0996415467637053,14.960362859541068,26934.887677632454
True,2025-09-10 10:05:00+00:00,AAVE/USDT,pancakeswap,sushiswap,5000,16.608455252597196,0.3321691050519439,10.340117505173026,26951.49613288505
True,2025-09-10 12:05:00+00:00,ETH/DAI,pancakeswap,uniswap_v3,5000,23.085116466693762,0.4617023293338752,10.555511285319351,26974.581249351744
True,2025-09-10 14:45:00+00:00,AAVE/USDT,pancakeswap,curve,5000,11.237347746504383,0.22474695493008767,17.50790781848533,26985.81859709825
True,2025-09-10 16:35:00+00:00,ETH/USDC,pancakeswap,curve,5000,18.601054641421797,0.37202109282843593,29.053903995689026,27004.41965173967
True,2025-09-10 17:10:00+00:00,MATIC/ETH,pancakeswap,sushiswap,5000,20.360326853773586,0.4072065370754717,20.07090444479245,27024.779978593444
True,2025-09-10 19:45:00+00:00,AAVE/USDT,curve,pancakeswap,5000,24.32709997016991,0.4865419994033982,11.159214718455576,27049.107078563615
True,2025-09-10 20:45:00+00:00,UNI/USDT,uniswap_v3,pancakeswap,5000,17.343730520339705,0.34687461040679407,16.000221823448662,27066.450809083955
True,2025-09-10 20:50:00+00:00,AAVE/ETH,curve,pancakeswap,5000,54.93355590430292,1.0986711180860584,10.995773279113639,27121.38436498826
True,2025-09-11 02:10:00+00:00,BTC/USDT,pancakeswap,sushiswap,5000,74.33732789100668,1.4867465578201335,17.552100415230306,27195.721692879266
True,2025-09-11 03:10:00+00:00,LINK/USDT,curve,pancakeswap,5000,14.188738498658495,0.2837747699731699,10.198731040346164,27209.910431377924
True,2025-09-11 03:40:00+00:00,UNI/ETH,sushiswap,pancakeswap,5000,18.85488417959823,0.3770976835919646,7.654954453879075,27228.765315557524
True,2025-09-11 07:10:00+00:00,ETH/USDT,pancakeswap,sushiswap,5000,18.8901053973932,0.37780210794786395,10.232149191492617,27247.655420954918
True,2025-09-11 08:50:00+00:00,ETH/DAI,curve,pancakeswap,5000,18.651142363673898,0.37302284727347795,20.170619956997953,27266.30656331859
True,2025-09-11 09:05:00+00:00,ETH/USDT,pancakeswap,sushiswap,5000,36.56068550967848,0.7312137101935696,10.442086507624891,27302.86724882827
True,2025-09-11 09:20:00+00:00,MATIC/ETH,pancakeswap,curve,5000,29.08805346317149,0.5817610692634299,29.946911497461155,27331.95530229144
True,2025-09-11 09:45:00+00:00,BTC/ETH,sushiswap,pancakeswap,5000,19.668643628101563,0.3933728725620313,8.046170893096924,27351.623945919542
True,2025-09-11 10:30:00+00:00,ETH/USDT,pancakeswap,sushiswap,5000,22.688754812063053,0.45377509624126106,6.789588304167006,27374.312700731607
True,2025-09-11 13:55:00+00:00,UNI/USDT,pancakeswap,uniswap_v3,5000,37.202786879091036,0.7440557375818206,6.759842945189899,27411.515487610697
True,2025-09-11 15:50:00+00:00,AAVE/USDT,pancakeswap,sushiswap,5000,32.91603303268221,0.6583206606536441,13.938642631363006,27444.43152064338
True,2025-09-11 16:20:00+00:00,MATIC/ETH,sushiswap,pancakeswap,5000,15.245994282960964,0.3049198856592193,16.885448758807808,27459.67751492634
True,2025-09-11 16:40:00+00:00,ETH/DAI,pancakeswap,sushiswap,5000,15.067523617582083,0.30135047235164164,13.982909177143382,27474.745038543922
True,2025-09-11 17:05:00+00:00,LINK/ETH,curve,pancakeswap,5000,22.59571660349866,0.4519143320699731,13.73843363917606,27497.340755147423
True,2025-09-11 19:30:00+00:00,LINK/ETH,sushiswap,pancakeswap,5000,43.743182509474536,0.8748636501894906,16.28881635088919,27541.0839376569
True,2025-09-11 19:50:00+00:00,ETH/USDC,uniswap_v3,pancakeswap,5000,12.13170165941392,0.24263403318827842,11.193187188338207,27553.215639316313
True,2025-09-11 22:40:00+00:00,BTC/USDT,pancakeswap,sushiswap,5000,12.954716765151716,0.25909433530303433,14.647411242808962,27566.170356081464
True,2025-09-11 22:55:00+00:00,LINK/USDT,sushiswap,pancakeswap,5000,17.55524059770505,0.351104811954101,18.51385069412799,27583.72559667917
True,2025-09-11 23:25:00+00:00,ETH/USDT,pancakeswap,sushiswap,5000,27.685766031168896,0.5537153206233779,11.869399108504982,27611.41136271034
True,2025-09-11 23:30:00+00:00,ETH/USDC,sushiswap,pancakeswap,5000,17.564211654364044,0.35128423308728085,14.66833122671433,27628.975574364704
True,2025-09-12 00:50:00+00:00,MATIC/USDT,pancakeswap,sushiswap,5000,25.29304505394248,0.5058609010788495,8.950036156719063,27654.268619418646
True,2025-09-12 01:05:00+00:00,LINK/ETH,sushiswap,pancakeswap,5000,11.477550797771073,0.22955101595542146,8.478859053080278,27665.74617021642
True,2025-09-12 01:45:00+00:00,AAVE/USDT,pancakeswap,curve,5000,16.721377317434417,0.3344275463486883,17.955044777607345,27682.46754753385
True,2025-09-12 05:00:00+00:00,LINK/USDT,sushiswap,pancakeswap,5000,28.34530887780511,0.5669061775561022,10.909008966021123,27710.812856411656
True,2025-09-12 06:15:00+00:00,BTC/USDT,pancakeswap,sushiswap,5000,36.167287152477,0.72334574304954,7.142559475822352,27746.980143564135
True,2025-09-12 08:35:00+00:00,MATIC/ETH,pancakeswap,uniswap_v3,5000,17.344889027773206,0.3468977805554641,6.921628492077493,27764.325032591907
True,2025-09-12 09:35:00+00:00,LINK/ETH,pancakeswap,sushiswap,5000,13.788602456015724,0.2757720491203145,6.344290613512142,27778.11363504792
True,2025-09-12 09:45:00+00:00,MATIC/ETH,curve,sushiswap,5000,17.538330806115482,0.35076661612230964,17.98350473253017,27795.651965854035
True,2025-09-12 10:55:00+00:00,BTC/ETH,pancakeswap,curve,5000,19.580673893810854,0.3916134778762171,12.895637396393163,27815.232639747846
True,2025-09-12 11:15:00+00:00,AAVE/USDT,uniswap_v3,pancakeswap,5000,44.47392992736786,0.8894785985473573,7.653146517919045,27859.706569675214
True,2025-09-12 13:15:00+00:00,MATIC/USDT,uniswap_v3,pancakeswap,5000,26.39322821958922,0.5278645643917844,6.606009614264465,27886.099797894803
True,2025-09-12 16:45:00+00:00,ETH/USDT,pancakeswap,uniswap_v3,5000,44.34470019986111,0.8868940039972222,5.955156873826388,27930.444498094665
True,2025-09-12 20:55:00+00:00,MATIC/ETH,pancakeswap,curve,5000,11.55969772168828,0.23119395443376559,16.91418974862772,27942.004195816353
True,2025-09-12 21:25:00+00:00,ETH/DAI,sushiswap,pancakeswap,5000,13.279662162481145,0.2655932432496229,17.565053477588805,27955.283857978833
True,2025-09-12 21:40:00+00:00,MATIC/USDT,pancakeswap,sushiswap,5000,11.575413109444526,0.2315082621888905,7.38010346186271,27966.859271088277
True,2025-09-12 22:05:00+00:00,LINK/ETH,pancakeswap,sushiswap,5000,16.975100599783218,0.3395020119956643,13.170623880443957,27983.83437168806
True,2025-09-12 23:55:00+00:00,AAVE/ETH,pancakeswap,sushiswap,5000,13.082071436317165,0.2616414287263433,15.137004554363326,27996.916443124377
True,2025-09-13 00:00:00+00:00,UNI/ETH,uniswap_v3,pancakeswap,5000,12.90058491241416,0.2580116982482832,18.6029647375232,28009.817028036792
True,2025-09-13 00:10:00+00:00,MATIC/ETH,uniswap_v3,pancakeswap,5000,19.410216795692577,0.3882043359138515,7.457759342843193,28029.227244832484
True,2025-09-13 00:15:00+00:00,ETH/USDT,uniswap_v3,pancakeswap,5000,24.154162202466978,0.48308324404933956,9.587723430113495,28053.38140703495
True,2025-09-13 02:00:00+00:00,LINK/USDT,pancakeswap,sushiswap,5000,30.292784872663105,0.6058556974532621,11.207825385986597,28083.674191907616
True,2025-09-13 05:00:00+00:00,UNI/USDT,pancakeswap,uniswap_v3,5000,16.464405096903647,0.32928810193807295,15.886059145993983,28100.13859700452
True,2025-09-13 05:15:00+00:00,UNI/USDT,curve,pancakeswap,5000,11.335639397574596,0.2267127879514919,10.366467962845805,28111.474236402093
True,2025-09-13 06:20:00+00:00,ETH/USDT,pancakeswap,sushiswap,5000,23.341044116536068,0.46682088233072133,12.96667118105782,28134.81528051863
True,2025-09-13 15:45:00+00:00,MATIC/USDT,curve,pancakeswap,5000,12.552720220696756,0.2510544044139351,29.551765267001528,28147.368000739327
True,2025-09-13 15:50:00+00:00,BTC/USDT,pancakeswap,sushiswap,5000,33.34296627909771,0.6668593255819543,9.91918530378352,28180.710967018425
True,2025-09-13 16:15:00+00:00,UNI/USDT,pancakeswap,sushiswap,5000,35.27171335145886,0.7054342670291771,6.2139512526736995,28215.982680369885
True,2025-09-13 16:30:00+00:00,MATIC/USDT,sushiswap,pancakeswap,5000,15.347542828352744,0.3069508565670549,7.146231915726036,28231.330223198238
True,2025-09-13 17:45:00+00:00,AAVE/ETH,pancakeswap,sushiswap,5000,25.68284076211421,0.5136568152422842,16.87271782114683,28257.013063960352
True,2025-09-13 20:50:00+00:00,MATIC/USDT,uniswap_v3,pancakeswap,5000,17.551835909650435,0.35103671819300875,17.14195749074611,28274.56489987
True,2025-09-13 21:45:00+00:00,AAVE/ETH,sushiswap,pancakeswap,5000,14.245368616261658,0.28490737232523317,13.755151565800475,28288.810268486264
True,2025-09-14 01:00:00+00:00,ETH/USDC,pancakeswap,sushiswap,5000,16.076594270575697,0.32153188541151395,14.159985098773511,28304.88686275684
True,2025-09-14 02:20:00+00:00,ETH/USDC,pancakeswap,uniswap_v3,5000,11.897035675524421,0.23794071351048843,18.982298896627057,28316.783898432364
True,2025-09-14 05:20:00+00:00,LINK/USDT,pancakeswap,curve,5000,13.437262676266073,0.26874525352532147,20.04272717856101,28330.22116110863
True,2025-09-14 06:25:00+00:00,LINK/ETH,pancakeswap,uniswap_v3,5000,35.487706859144964,0.7097541371828993,10.452862279886666,28365.708867967776
True,2025-09-14 13:20:00+00:00,LINK/USDT,curve,pancakeswap,5000,35.49741510833883,0.7099483021667766,11.652827463936566,28401.206283076113
True,2025-09-14 13:45:00+00:00,MATIC/ETH,pancakeswap,uniswap_v3,5000,13.78762982688022,0.2757525965376044,11.87619620140271,28414.993912902995
True,2025-09-14 14:05:00+00:00,AAVE/ETH,pancakeswap,curve,5000,12.143769235810396,0.24287538471620793,12.577848761313,28427.137682138804
True,2025-09-14 18:00:00+00:00,ETH/USDC,pancakeswap,sushiswap,5000,11.187911232905208,0.22375822465810416,7.9297589810256115,28438.32559337171
True,2025-09-14 18:05:00+00:00,ETH/USDT,pancakeswap,curve,5000,14.115748991942382,0.2823149798388476,20.100893859624076,28452.44134236365
True,2025-09-14 19:15:00+00:00,ETH/USDT,pancakeswap,sushiswap,5000,11.952948416756954,0.2390589683351391,13.460837407564059,28464.39429078041
True,2025-09-14 23:30:00+00:00,LINK/ETH,pancakeswap,curve,5000,47.079467936300716,0.9415893587260143,17.06246282382626,28511.47375871671
True,2025-09-14 23:40:00+00:00,ETH/USDC,sushiswap,pancakeswap,5000,18.064109908876162,0.3612821981775232,15.719043705262433,28529.537868625586
True,2025-09-15 01:20:00+00:00,ETH/DAI,pancakeswap,sushiswap,5000,40.88622459364433,0.8177244918728865,6.42195632778468,28570.42409321923
True,2025-09-15 02:45:00+00:00,BTC/ETH,pancakeswap,sushiswap,5000,23.858865500623324,0.47717731001246644,16.751634460453865,28594.282958719854
True,2025-09-15 04:15:00+00:00,MATIC/USDT,pancakeswap,sushiswap,5000,13.737493399647065,0.27474986799294127,15.336027962829782,28608.0204521195
True,2025-09-15 05:05:00+00:00,ETH/DAI,pancakeswap,uniswap_v3,5000,20.074735613895427,0.4014947122779085,14.448994889505071,28628.095187733397
True,2025-09-15 05:45:00+00:00,AAVE/ETH,sushiswap,pancakeswap,5000,41.315339082637365,0.8263067816527473,6.95596442872897,28669.410526816035
True,2025-09-15 08:00:00+00:00,MATIC/ETH,uniswap_v3,pancakeswap,5000,34.34605009393272,0.6869210018786543,17.154832357488125,28703.756576909967
True,2025-09-15 16:20:00+00:00,LINK/USDT,pancakeswap,sushiswap,5000,17.667758838970258,0.35335517677940514,18.70778487609513,28721.42433574894
True,2025-09-15 16:50:00+00:00,ETH/USDC,pancakeswap,sushiswap,5000,10.031959061935595,0.2006391812387119,11.156332835288392,28731.456294810876
True,2025-09-15 16:50:00+00:00,LINK/ETH,pancakeswap,sushiswap,5000,37.76287260659319,0.7552574521318639,7.81722810954304,28769.21916741747
True,2025-09-15 18:30:00+00:00,MATIC/ETH,uniswap_v3,pancakeswap,5000,15.67657832050736,0.31353156641014723,5.365798013964018,28784.895745737977
True,2025-09-15 18:45:00+00:00,AAVE/USDT,pancakeswap,sushiswap,5000,14.426954235585072,0.2885390847117014,7.596994980776755,28799.322699973563
True,2025-09-15 19:30:00+00:00,UNI/ETH,sushiswap,pancakeswap,5000,25.760845295555555,0.5152169059111111,17.940362683250676,28825.083545269117
True,2025-09-15 20:55:00+00:00,BTC/ETH,uniswap_v3,pancakeswap,5000,22.21633148174533,0.44432662963490654,17.561360019510868,28847.29987675086
True,2025-09-15 22:40:00+00:00,AAVE/USDT,pancakeswap,uniswap_v3,5000,36.58827577390184,0.7317655154780368,18.94887727637877,28883.888152524763
True,2025-09-16 00:10:00+00:00,ETH/USDC,uniswap_v3,pancakeswap,5000,30.58340889936335,0.6116681779872669,19.440744376738913,28914.47156142413
True,2025-09-16 03:05:00+00:00,LINK/ETH,sushiswap,pancakeswap,5000,29.18533971733541,0.5837067943467081,9.261597531266531,28943.656901141465
True,2025-09-16 06:55:00+00:00,UNI/USDT,sushiswap,pancakeswap,5000,11.387460981644836,0.22774921963289674,6.0488563060120555,28955.04436212311
True,2025-09-16 08:20:00+00:00,MATIC/ETH,pancakeswap,uniswap_v3,5000,16.069324357551523,0.3213864871510304,9.743361664863178,28971.11368648066
True,2025-09-16 09:50:00+00:00,ETH/USDT,pancakeswap,sushiswap,5000,32.47493198712891,0.6494986397425783,13.122766850904735,29003.58861846779
True,2025-09-16 11:00:00+00:00,AAVE/ETH,pancakeswap,uniswap_v3,5000,10.389602508688768,0.20779205017377533,5.30442377853789,29013.97822097648
True,2025-09-16 14:40:00+00:00,LINK/USDT,sushiswap,pancakeswap,5000,11.925609516004442,0.23851219032008886,8.379550336158893,29025.903830492487
True,2025-09-16 15:15:00+00:00,MATIC/ETH,sushiswap,pancakeswap,5000,48.975052142938694,0.9795010428587738,15.129237667722036,29074.878882635425
True,2025-09-16 16:25:00+00:00,LINK/ETH,pancakeswap,uniswap_v3,5000,17.419134707371995,0.3483826941474399,10.272034587145852,29092.298017342797
True,2025-09-16 17:20:00+00:00,BTC/USDT,pancakeswap,sushiswap,5000,38.12204449010005,0.762440889802001,7.804046571523812,29130.420061832898
True,2025-09-16 18:30:00+00:00,ETH/USDC,sushiswap,pancakeswap,5000,23.239795020600468,0.46479590041200936,14.629023324789753,29153.659856853497
True,2025-09-16 19:15:00+00:00,MATIC/ETH,sushiswap,pancakeswap,5000,16.251977592271942,0.32503955184543887,16.549738760170754,29169.911834445767
True,2025-09-16 20:40:00+00:00,LINK/ETH,curve,pancakeswap,5000,16.70067015902805,0.334013403180561,17.074580844373827,29186.612504604796
True,2025-09-16 21:55:00+00:00,AAVE/ETH,pancakeswap,sushiswap,5000,18.290180306943512,0.3658036061388702,18.112378543418878,29204.90268491174
True,2025-09-17 00:50:00+00:00,MATIC/USDT,pancakeswap,uniswap_v3,5000,15.84113886218529,0.3168227772437058,6.411607122625256,29220.743823773926
True,2025-09-17 02:55:00+00:00,MATIC/USDT,pancakeswap,curve,5000,21.7366764612334,0.434733529224668,18.338750988135917,29242.48050023516
True,2025-09-17 03:40:00+00:00,LINK/USDT,sushiswap,pancakeswap,5000,10.341364713178336,0.20682729426356675,12.52808321915806,29252.82186494834
True,2025-09-17 06:35:00+00:00,ETH/USDT,pancakeswap,curve,5000,11.61575838198678,0.2323151676397356,13.486163444862244,29264.437623330326
True,2025-09-17 08:35:00+00:00,LINK/ETH,pancakeswap,sushiswap,5000,24.65945853138237,0.4931891706276474,5.963066977216344,29289.09708186171
True,2025-09-17 09:35:00+00:00,AAVE/USDT,curve,pancakeswap,5000,18.083806013117282,0.3616761202623457,12.413514149926474,29307.180887874827
True,2025-09-17 12:00:00+00:00,LINK/ETH,pancakeswap,sushiswap,5000,20.138480133525263,0.4027696026705053,11.961205214879818,29327.319368008353
True,2025-09-17 12:05:00+00:00,ETH/USDT,pancakeswap,sushiswap,5000,15.088914044543344,0.3017782808908669,16.86519084420676,29342.408282052897
True,2025-09-17 14:10:00+00:00,ETH/DAI,uniswap_v3,pancakeswap,5000,24.042797173910913,0.4808559434782183,14.383643121416316,29366.45107922681
True,2025-09-17 14:20:00+00:00,MATIC/ETH,sushiswap,pancakeswap,5000,10.80355001928001,0.2160710003856002,13.137621941793723,29377.25462924609
True,2025-09-17 17:55:00+00:00,BTC/USDT,pancakeswap,sushiswap,5000,23.467573533790528,0.4693514706758105,10.53356090842805,29400.72220277988
True,2025-09-18 02:45:00+00:00,ETH/USDT,pancakeswap,uniswap_v3,5000,25.43700835745767,0.5087401671491534,20.2647400458814,29426.15921113734
True,2025-09-18 03:35:00+00:00,BTC/USDT,sushiswap,pancakeswap,5000,16.79088638615758,0.33581772772315166,17.46701071956209,29442.9500975235
True,2025-09-18 07:20:00+00:00,AAVE/ETH,sushiswap,pancakeswap,5000,12.289019852178171,0.24578039704356344,7.2635621965219865,29455.239117375677
True,2025-09-18 08:15:00+00:00,AAVE/USDT,pancakeswap,sushiswap,5000,32.60906397992221,0.6521812795984443,6.758550370028197,29487.8481813556
True,2025-09-18 11:50:00+00:00,AAVE/ETH,curve,pancakeswap,5000,17.68391518808403,0.3536783037616806,16.42151692703042,29505.532096543684
True,2025-09-18 17:10:00+00:00,BTC/USDT,sushiswap,pancakeswap,5000,38.62219450415978,0.7724438900831956,10.227780438741952,29544.154291047846
True,2025-09-18 17:40:00+00:00,LINK/ETH,uniswap_v3,pancakeswap,5000,35.09776847730427,0.7019553695460854,15.374058012601955,29579.252059525148
True,2025-09-18 17:50:00+00:00,MATIC/ETH,pancakeswap,curve,5000,27.563739324907147,0.551274786498143,15.709895869548616,29606.815798850053
True,2025-09-18 19:05:00+00:00,MATIC/USDT,pancakeswap,sushiswap,5000,19.1667003427101,0.38333400685420205,6.758178671359415,29625.982499192763
True,2025-09-18 19:40:00+00:00,ETH/USDC,pancakeswap,curve,5000,16.6578523754215,0.33315704750843,19.426998479880005,29642.640351568185
True,2025-09-18 21:40:00+00:00,MATIC/ETH,curve,pancakeswap,5000,14.71290611535278,0.2942581223070556,29.651192378079493,29657.35325768354
True,2025-09-18 22:20:00+00:00,UNI/USDT,pancakeswap,sushiswap,5000,11.90827040143995,0.23816540802879899,14.182093205260207,29669.26152808498
True,2025-09-18 22:40:00+00:00,LINK/USDT,pancakeswap,sushiswap,5000,14.116593893047138,0.28233187786094277,14.841900801522574,29683.378121978025
True,2025-09-19 00:00:00+00:00,ETH/DAI,curve,pancakeswap,5000,10.092841669419613,0.20185683338839228,14.008181564658667,29693.470963647444
True,2025-09-19 01:40:00+00:00,MATIC/USDT,sushiswap,pancakeswap,5000,14.150838849684988,0.28301677699369976,13.914319957589505,29707.621802497128
True,2025-09-19 03:50:00+00:00,LINK/USDT,pancakeswap,sushiswap,5000,41.51277365653277,0.8302554731306554,9.10937832074871,29749.13457615366
True,2025-09-19 08:05:00+00:00,ETH/USDC,sushiswap,pancakeswap,5000,41.855781588089485,0.8371156317617897,5.963409345342584,29790.99035774175
True,2025-09-19 08:10:00+00:00,UNI/ETH,pancakeswap,sushiswap,5000,11.859883596523105,0.23719767193046212,14.779366599795642,29802.850241338274
True,2025-09-19 11:00:00+00:00,BTC/USDT,pancakeswap,uniswap_v3,5000,11.623113390965955,0.2324622678193191,11.56894288865211,29814.47335472924
True,2025-09-19 11:15:00+00:00,AAVE/ETH,curve,pancakeswap,5000,32.69177850075175,0.653835570015035,28.334863058698094,29847.165133229995
True,2025-09-19 16:50:00+00:00,MATIC/ETH,curve,pancakeswap,5000,79.77575483402961,1.5955150966805922,18.28907475152473,29926.940888064026
True,2025-09-19 17:05:00+00:00,ETH/USDC,pancakeswap,sushiswap,5000,11.933447549470657,0.23866895098941313,13.55964860790845,29938.874335613495
True,2025-09-19 18:55:00+00:00,MATIC/ETH,pancakeswap,uniswap_v3,5000,44.254013287199996,0.885080265744,11.409346940990044,29983.128348900696
True,2025-09-19 19:10:00+00:00,MATIC/ETH,uniswap_v3,pancakeswap,5000,26.15992015585016,0.5231984031170032,16.01221075037258,30009.288269056546
True,2025-09-19 19:35:00+00:00,ETH/DAI,pancakeswap,sushiswap,5000,17.136010953401637,0.34272021906803274,8.703434396744807,30026.424280009946
True,2025-09-19 20:10:00+00:00,ETH/DAI,pancakeswap,uniswap_v3,5000,44.61154725184588,0.8922309450369176,10.07470228101428,30071.035827261792
True,2025-09-19 21:55:00+00:00,UNI/ETH,curve,pancakeswap,5000,13.46452315276747,0.26929046305534937,22.29611953427709,30084.50035041456
True,2025-09-19 23:35:00+00:00,LINK/USDT,pancakeswap,sushiswap,5000,27.22174138956416,0.5444348277912832,12.548447327938248,30111.722091804124
True,2025-09-20 00:25:00+00:00,LINK/ETH,pancakeswap,sushiswap,5000,29.91664895888789,0.5983329791777579,15.03203904801497,30141.63874076301
True,2025-09-20 05:25:00+00:00,BTC/USDT,pancakeswap,sushiswap,5000,37.420150670154726,0.7484030134030946,13.266916398649725,30179.058891433164
True,2025-09-20 06:35:00+00:00,AAVE/USDT,pancakeswap,sushiswap,5000,11.999529365897615,0.2399905873179523,18.911632767686587,30191.05842079906
True,2025-09-20 11:45:00+00:00,AAVE/USDT,pancakeswap,curve,5000,54.30593026380211,1.0861186052760423,17.36177305107385,30245.364351062864
True,2025-09-20 13:15:00+00:00,LINK/ETH,pancakeswap,curve,5000,15.805668241980129,0.31611336483960256,19.995915433944727,30261.170019304845
True,2025-09-20 20:20:00+00:00,ETH/USDC,pancakeswap,uniswap_v3,5000,12.058211517756718,0.24116423035513437,7.5172911733415235,30273.228230822602
True,2025-09-20 21:05:00+00:00,UNI/ETH,pancakeswap,uniswap_v3,5000,20.095108980413897,0.40190217960827795,5.944755094733684,30293.323339803017
True,2025-09-21 00:00:00+00:00,UNI/ETH,pancakeswap,sushiswap,5000,13.3154606235139,0.266309212470278,7.179777750780088,30306.63880042653
True,2025-09-21 01:50:00+00:00,ETH/USDT,pancakeswap,curve,5000,27.212980196170065,0.5442596039234013,16.64304226839894,30333.851780622703
True,2025-09-21 02:15:00+00:00,LINK/USDT,pancakeswap,sushiswap,5000,13.581102556137012,0.27162205112274024,8.120434246317076,30347.43288317884
True,2025-09-21 04:25:00+00:00,UNI/ETH,pancakeswap,sushiswap,5000,12.43369668797368,0.2486739337594736,8.614581823792378,30359.866579866815
True,2025-09-21 05:30:00+00:00,ETH/USDC,sushiswap,pancakeswap,5000,27.135614740666824,0.5427122948133365,15.362786328567369,30387.00219460748
True,2025-09-21 06:40:00+00:00,ETH/DAI,uniswap_v3,pancakeswap,5000,20.43162435098111,0.4086324870196222,18.9080936260493,30407.433818958463
True,2025-09-21 06:45:00+00:00,MATIC/USDT,pancakeswap,sushiswap,5000,19.671362905191017,0.39342725810382034,6.57888126941491,30427.105181863655
True,2025-09-21 07:35:00+00:00,UNI/USDT,uniswap_v3,pancakeswap,5000,21.899298203273247,0.43798596406546497,12.550355597064074,30449.004480066927
True,2025-09-21 08:45:00+00:00,AAVE/ETH,sushiswap,pancakeswap,5000,44.02440308360747,0.8804880616721492,15.230951242545574,30493.028883150535
True,2025-09-21 09:15:00+00:00,MATIC/USDT,pancakeswap,uniswap_v3,5000,12.586757037285679,0.25173514074571357,9.481595736946472,30505.61564018782
True,2025-09-21 09:50:00+00:00,ETH/USDT,pancakeswap,sushiswap,5000,21.973981022805674,0.4394796204561135,16.903619615885127,30527.589621210627
True,2025-09-21 10:00:00+00:00,MATIC/USDT,sushiswap,pancakeswap,5000,10.424876558860888,0.20849753117721778,9.308283844779352,30538.014497769487
True,2025-09-21 11:05:00+00:00,UNI/ETH,pancakeswap,sushiswap,5000,14.738621402902027,0.29477242805804055,10.373432513927872,30552.75311917239
True,2025-09-21 11:25:00+00:00,BTC/USDT,sushiswap,pancakeswap,5000,12.195321012117347,0.24390642024234693,8.650971661711111,30564.948440184507
True,2025-09-21 13:25:00+00:00,ETH/USDC,sushiswap,pancakeswap,5000,19.00615984615706,0.3801231969231412,14.1022022977329,30583.954600030665
True,2025-09-21 13:30:00+00:00,MATIC/ETH,curve,pancakeswap,5000,18.499884578518504,0.36999769157037005,20.723023336243784,30602.454484609185
True,2025-09-21 16:25:00+00:00,MATIC/ETH,pancakeswap,sushiswap,5000,11.09220839644422,0.22184416792888442,17.053631495819605,30613.54669300563
True,2025-09-21 20:40:00+00:00,LINK/USDT,pancakeswap,sushiswap,5000,11.883611536317403,0.23767223072634808,12.83889837935518,30625.430304541944
True,2025-09-21 22:20:00+00:00,ETH/USDC,sushiswap,pancakeswap,5000,10.506601412721466,0.21013202825442934,13.094154258308041,30635.936905954666
True,2025-09-22 06:10:00+00:00,UNI/USDT,pancakeswap,uniswap_v3,5000,14.473986369331215,0.28947972738662425,12.422545649202855,30650.410892324
True,2025-09-22 06:45:00+00:00,BTC/ETH,sushiswap,pancakeswap,5000,16.87779904609124,0.3375559809218248,8.711091013859674,30667.28869137009
True,2025-09-22 08:25:00+00:00,UNI/ETH,pancakeswap,sushiswap,5000,39.458386673046334,0.7891677334609267,18.031715558454056,30706.747078043136
True,2025-09-22 09:55:00+00:00,AAVE/ETH,pancakeswap,uniswap_v3,5000,39.74446667628672,0.7948893335257344,6.358472701572147,30746.49154471942
True,2025-09-22 09:55:00+00:00,LINK/ETH,pancakeswap,sushiswap,5000,19.027102590567665,0.3805420518113533,12.265822392662173,30765.51864730999
True,2025-09-22 10:50:00+00:00,UNI/ETH,pancakeswap,sushiswap,5000,16.040941338221273,0.32081882676442547,12.296383250072626,30781.55958864821
True,2025-09-22 15:05:00+00:00,AAVE/ETH,pancakeswap,sushiswap,5000,17.806873724067373,0.35613747448134747,6.373853858808278,30799.36646237228
True,2025-09-22 15:40:00+00:00,ETH/USDT,pancakeswap,curve,5000,26.536376721497618,0.5307275344299524,25.140995040572022,30825.90283909378
True,2025-09-22 18:05:00+00:00,ETH/DAI,pancakeswap,uniswap_v3,5000,12.888717452327,0.25777434904654,8.860063923205017,30838.791556546104
True,2025-09-22 20:10:00+00:00,BTC/USDT,curve,pancakeswap,5000,35.57738868976139,0.7115477737952278,17.359366586029147,30874.368945235867
True,2025-09-22 20:45:00+00:00,AAVE/USDT,sushiswap,pancakeswap,5000,13.042751008260893,0.2608550201652179,11.357418263526112,30887.411696244126
True,2025-09-22 22:00:00+00:00,MATIC/ETH,pancakeswap,sushiswap,5000,15.334988960008559,0.30669977920017116,19.93873114713235,30902.746685204133
True,2025-09-22 22:20:00+00:00,BTC/ETH,sushiswap,pancakeswap,5000,11.414339886018752,0.22828679772037502,12.729200643949948,30914.16102509015
True,2025-09-22 22:45:00+00:00,ETH/USDC,sushiswap,pancakeswap,5000,35.84532367418706,0.7169064734837411,5.879769745061594,30950.00634876434
True,2025-09-23 00:15:00+00:00,UNI/USDT,sushiswap,pancakeswap,5000,33.93883195516082,0.6787766391032165,9.322418699421922,30983.9451807195
True,2025-09-23 00:25:00+00:00,BTC/USDT,pancakeswap,sushiswap,5000,36.4336381384519,0.7286727627690379,6.941338059296022,31020.378818857953
True,2025-09-23 04:35:00+00:00,ETH/USDT,pancakeswap,sushiswap,5000,10.138966517124572,0.20277933034249146,12.301257484387946,31030.51778537508
True,2025-09-23 05:40:00+00:00,ETH/DAI,curve,pancakeswap,5000,10.720042416836804,0.21440084833673612,10.322707865478753,31041.237827791916
True,2025-09-23 06:05:00+00:00,ETH/USDT,pancakeswap,sushiswap,5000,14.096922560148414,0.2819384512029683,7.379204702742092,31055.334750352064
True,2025-09-23 07:15:00+00:00,ETH/DAI,sushiswap,pancakeswap,5000,13.558997705270485,0.2711799541054097,16.984208557918922,31068.893748057333
True,2025-09-23 09:20:00+00:00,ETH/USDC,pancakeswap,curve,5000,29.847014028813646,0.5969402805762729,19.419827975125447,31098.74076208615
True,2025-09-23 12:45:00+00:00,ETH/DAI,pancakeswap,sushiswap,5000,32.16213515135496,0.6432427030270992,5.92032020096405,31130.9028972375
True,2025-09-23 20:00:00+00:00,ETH/USDC,sushiswap,pancakeswap,5000,16.539016266750878,0.33078032533501756,11.826162607997224,31147.44191350425
True,2025-09-23 22:20:00+00:00,UNI/ETH,sushiswap,pancakeswap,5000,53.87092301133271,1.077418460226654,10.774776778180124,31201.312836515586
True,2025-09-23 23:15:00+00:00,UNI/USDT,uniswap_v3,pancakeswap,5000,22.483567304803728,0.44967134609607456,5.389746612667406,31223.79640382039
True,2025-09-24 00:30:00+00:00,BTC/USDT,pancakeswap,sushiswap,5000,43.33807844470084,0.8667615688940169,7.257216452648201,31267.13448226509
True,2025-09-24 01:00:00+00:00,MATIC/ETH,uniswap_v3,pancakeswap,5000,10.004074803745425,0.2000814960749085,6.488172994780134,31277.138557068836
True,2025-09-24 01:35:00+00:00,UNI/ETH,pancakeswap,sushiswap,5000,44.12674903264906,0.8825349806529812,18.7808969633165,31321.265306101486
True,2025-09-24 03:45:00+00:00,UNI/USDT,sushiswap,pancakeswap,5000,41.82052127133011,0.8364104254266023,10.767914183430127,31363.085827372815
True,2025-09-24 04:20:00+00:00,BTC/USDT,curve,pancakeswap,5000,20.99654992926662,0.41993099858533245,12.345431878687446,31384.082377302082
True,2025-09-24 06:00:00+00:00,BTC/USDT,uniswap_v3,pancakeswap,5000,14.279246300380692,0.2855849260076138,6.903173923260907,31398.36162360246
True,2025-09-24 09:15:00+00:00,BTC/ETH,sushiswap,pancakeswap,5000,27.547457487317843,0.5509491497463569,13.892315917927425,31425.90908108978
True,2025-09-24 11:30:00+00:00,ETH/USDC,curve,pancakeswap,5000,50.384303174902016,1.0076860634980402,13.936583176430162,31476.29338426468
True,2025-09-24 13:00:00+00:00,LINK/ETH,uniswap_v3,pancakeswap,5000,19.56848616744537,0.3913697233489074,6.826551645005677,31495.861870432127
True,2025-09-24 13:45:00+00:00,UNI/ETH,pancakeswap,uniswap_v3,5000,46.91170264266839,0.9382340528533678,16.18973866096147,31542.773573074795
True,2025-09-24 17:40:00+00:00,LINK/ETH,uniswap_v3,pancakeswap,5000,28.156011433294225,0.5631202286658845,6.929575469229229,31570.92958450809
True,2025-09-24 18:45:00+00:00,AAVE/USDT,uniswap_v3,pancakeswap,5000,12.69068999891988,0.2538137999783976,13.401394901942101,31583.620274507008
True,2025-09-24 20:15:00+00:00,MATIC/USDT,pancakeswap,sushiswap,5000,11.787714261407018,0.23575428522814038,15.139360194464755,31595.407988768413
True,2025-09-24 20:20:00+00:00,BTC/ETH,pancakeswap,sushiswap,5000,23.603507431533217,0.4720701486306643,7.453205697197279,31619.011496199946
True,2025-09-24 20:50:00+00:00,LINK/USDT,sushiswap,pancakeswap,5000,30.425213937856824,0.6085042787571364,10.697300760722955,31649.4367101378
True,2025-09-24 22:25:00+00:00,ETH/DAI,sushiswap,pancakeswap,5000,22.149487227809004,0.44298974455618007,15.046671162047385,31671.58619736561
True,2025-09-25 01:15:00+00:00,LINK/USDT,sushiswap,pancakeswap,5000,18.37716911170537,0.36754338223410743,8.404243996120977,31689.963366477314
True,2025-09-25 03:15:00+00:00,BTC/USDT,sushiswap,pancakeswap,5000,14.020192577316266,0.2804038515463253,15.517505767298811,31703.983559054628
True,2025-09-25 03:35:00+00:00,AAVE/USDT,pancakeswap,uniswap_v3,5000,22.010718934096076,0.44021437868192154,19.303985438886578,31725.994277988724
True,2025-09-25 09:30:00+00:00,AAVE/USDT,sushiswap,pancakeswap,5000,12.6521938123351,0.253043876246702,5.686957153296343,31738.64647180106
True,2025-09-25 12:50:00+00:00,AAVE/USDT,pancakeswap,uniswap_v3,5000,12.374894890333962,0.24749789780667925,13.718251830664665,31751.021366691395
True,2025-09-25 13:40:00+00:00,ETH/USDT,sushiswap,pancakeswap,5000,13.768168096105,0.27536336192210004,7.161192402905178,31764.789534787502
True,2025-09-25 17:15:00+00:00,BTC/ETH,curve,pancakeswap,5000,20.774668054958966,0.41549336109917934,14.056626183290684,31785.564202842463
True,2025-09-25 17:15:00+00:00,UNI/USDT,curve,pancakeswap,5000,12.356819243562313,0.24713638487124626,10.529654172307799,31797.921022086026
True,2025-09-25 21:25:00+00:00,BTC/USDT,sushiswap,pancakeswap,5000,26.57223789435011,0.5314447578870022,6.186645844674621,31824.493259980376
True,2025-09-25 23:15:00+00:00,MATIC/USDT,sushiswap,pancakeswap,5000,11.903117405647208,0.23806234811294416,14.609991589410958,31836.396377386023
True,2025-09-26 03:45:00+00:00,UNI/ETH,pancakeswap,sushiswap,5000,24.694306788673202,0.4938861357734641,12.125410878096558,31861.0906841747
True,2025-09-26 05:55:00+00:00,BTC/USDT,sushiswap,pancakeswap,5000,15.286277927804804,0.30572555855609607,14.866825267712372,31876.376962102502
True,2025-09-26 06:25:00+00:00,UNI/ETH,pancakeswap,curve,5000,13.676511311435206,0.27353022622870415,12.06838203298288,31890.053473413936
True,2025-09-26 07:50:00+00:00,LINK/ETH,uniswap_v3,pancakeswap,5000,20.75163922008869,0.4150327844017738,9.68076259511319,31910.805112634025
True,2025-09-26 13:10:00+00:00,UNI/ETH,uniswap_v3,pancakeswap,5000,22.28176680445813,0.4456353360891626,14.601799431807413,31933.086879438484
True,2025-09-26 14:50:00+00:00,ETH/USDT,sushiswap,pancakeswap,5000,11.956983213995045,0.2391396642799009,16.114274374714235,31945.043862652477
True,2025-09-26 15:40:00+00:00,UNI/ETH,pancakeswap,uniswap_v3,5000,16.261796026086813,0.3252359205217362,6.00494095437403,31961.305658678564
True,2025-09-26 20:55:00+00:00,MATIC/ETH,sushiswap,pancakeswap,5000,25.298175322632233,0.5059635064526447,8.183718815592297,31986.603834001195
True,2025-09-26 23:10:00+00:00,LINK/USDT,sushiswap,pancakeswap,5000,23.076459134299512,0.46152918268599025,14.902857498512676,32009.680293135494
True,2025-09-27 00:25:00+00:00,ETH/USDT,pancakeswap,sushiswap,5000,13.897370138289261,0.2779474027657852,9.311602255815993,32023.577663273783
True,2025-09-27 01:00:00+00:00,BTC/USDT,pancakeswap,sushiswap,5000,31.717420886282525,0.6343484177256505,6.265461485481025,32055.295084160065
True,2025-09-27 01:35:00+00:00,LINK/ETH,pancakeswap,uniswap_v3,5000,47.90265436879599,0.9580530873759199,6.176910840765476,32103.197738528863
True,2025-09-27 04:50:00+00:00,ETH/USDC,sushiswap,pancakeswap,5000,38.92304503727064,0.7784609007454129,11.745674817984053,32142.120783566133
True,2025-09-27 05:05:00+00:00,BTC/USDT,sushiswap,pancakeswap,5000,15.066326803825177,0.3013265360765035,5.693027007881087,32157.18711036996
True,2025-09-27 05:45:00+00:00,MATIC/ETH,sushiswap,pancakeswap,5000,38.84605891771844,0.7769211783543687,10.79585421919946,32196.03316928768
True,2025-09-27 06:25:00+00:00,LINK/ETH,sushiswap,pancakeswap,5000,20.23421443730058,0.4046842887460116,7.100347207661299,32216.26738372498
True,2025-09-27 06:30:00+00:00,ETH/USDC,sushiswap,pancakeswap,5000,29.97586211169073,0.5995172422338146,7.506473856932127,32246.243245836667
True,2025-09-27 07:55:00+00:00,LINK/ETH,uniswap_v3,pancakeswap,5000,39.06549086407904,0.7813098172815808,12.892038105678303,32285.308736700747
True,2025-09-27 09:35:00+00:00,BTC/USDT,pancakeswap,sushiswap,5000,38.448998333598865,0.7689799666719773,8.447205110677135,32323.757735034345
True,2025-09-27 09:55:00+00:00,LINK/USDT,pancakeswap,sushiswap,5000,18.06465679512712,0.3612931359025424,7.804049992191846,32341.82239182947
True,2025-09-27 11:30:00+00:00,BTC/ETH,curve,pancakeswap,5000,15.338812959997995,0.3067762591999599,12.877187888333031,32357.16120478947
True,2025-09-27 13:25:00+00:00,LINK/ETH,pancakeswap,curve,5000,25.092039429480792,0.5018407885896159,14.972392676553767,32382.25324421895
True,2025-09-27 16:50:00+00:00,UNI/ETH,pancakeswap,uniswap_v3,5000,10.662707383027737,0.21325414766055475,5.805612156279137,32392.91595160198
True,2025-09-27 18:25:00+00:00,MATIC/ETH,pancakeswap,sushiswap,5000,27.76097064856458,0.5552194129712915,5.2325503841529395,32420.676922250543
True,2025-09-27 23:40:00+00:00,BTC/ETH,pancakeswap,sushiswap,5000,14.032676879027349,0.280653537580547,11.582058568627923,32434.709599129572
True,2025-09-28 01:50:00+00:00,ETH/USDC,sushiswap,pancakeswap,5000,28.1398610259821,0.562797220519642,7.695978640277356,32462.849460155554
True,2025-09-28 03:55:00+00:00,UNI/USDT,pancakeswap,sushiswap,5000,10.91297078579737,0.21825941571594742,18.90987653603041,32473.76243094135
True,2025-09-28 05:15:00+00:00,AAVE/USDT,sushiswap,pancakeswap,5000,14.55033234633629,0.2910066469267258,16.261958484390874,32488.312763287686
True,2025-09-28 10:30:00+00:00,LINK/ETH,pancakeswap,curve,5000,28.53393742589833,0.5706787485179666,28.41065961880365,32516.846700713584
True,2025-09-28 10:55:00+00:00,UNI/USDT,sushiswap,pancakeswap,5000,16.185765703356992,0.3237153140671399,15.737633746074568,32533.032466416942
True,2025-09-28 13:35:00+00:00,MATIC/USDT,sushiswap,pancakeswap,5000,27.929815796112962,0.5585963159222593,9.813839284569442,32560.962282213055
True,2025-09-28 15:00:00+00:00,ETH/DAI,sushiswap,pancakeswap,5000,30.805246852998607,0.6161049370599722,11.622313648501768,32591.767529066055
True,2025-09-28 19:45:00+00:00,BTC/USDT,pancakeswap,curve,5000,16.95609208346741,0.3391218416693482,15.798273707757959,32608.723621149522
True,2025-09-28 21:55:00+00:00,AAVE/USDT,pancakeswap,sushiswap,5000,23.50550963961632,0.4701101927923264,11.358990053904362,32632.22913078914
True,2025-09-28 23:50:00+00:00,ETH/USDC,pancakeswap,sushiswap,5000,11.419158706019516,0.22838317412039033,11.66056941625302,32643.64828949516
True,2025-09-29 01:05:00+00:00,BTC/USDT,pancakeswap,sushiswap,5000,11.624719288930464,0.23249438577860929,5.41310856631688,32655.27300878409
True,2025-09-29 04:45:00+00:00,UNI/USDT,uniswap_v3,pancakeswap,5000,33.44546887764682,0.6689093775529363,16.77087873931599,32688.718477661736
True,2025-09-29 05:25:00+00:00,ETH/DAI,pancakeswap,sushiswap,5000,22.79892099001154,0.4559784198002308,19.61235139825756,32711.517398651747
True,2025-09-29 05:35:00+00:00,BTC/ETH,sushiswap,pancakeswap,5000,35.96276511857923,0.7192553023715845,10.32892152764963,32747.480163770328
True,2025-09-29 05:35:00+00:00,ETH/USDT,sushiswap,pancakeswap,5000,13.446020096305801,0.268920401926116,8.107614732965054,32760.926183866635
True,2025-09-29 06:15:00+00:00,ETH/USDC,uniswap_v3,pancakeswap,5000,12.488131076572245,0.24976262153144488,10.991721625595753,32773.414314943206
True,2025-09-29 07:55:00+00:00,AAVE/USDT,pancakeswap,sushiswap,5000,28.12538413267157,0.5625076826534314,11.792058650248393,32801.539699075875
True,2025-09-29 09:20:00+00:00,LINK/ETH,pancakeswap,curve,5000,24.83805815476535,0.49676116309530693,23.63873372797152,32826.37775723064
True,2025-09-29 13:45:00+00:00,LINK/USDT,curve,pancakeswap,5000,13.71414832910159,0.27428296658203183,12.583867578043812,32840.09190555975
True,2025-09-29 15:35:00+00:00,ETH/USDT,pancakeswap,sushiswap,5000,27.478870772160008,0.5495774154432002,13.24878302513992,32867.57077633191
True,2025-09-29 15:40:00+00:00,UNI/USDT,sushiswap,pancakeswap,5000,20.996451624545443,0.4199290324909089,7.328603919680299,32888.56722795645
True,2025-09-29 19:45:00+00:00,LINK/USDT,pancakeswap,sushiswap,5000,15.967784301928077,0.3193556860385615,5.983773505074046,32904.535012258384
True,2025-09-29 19:50:00+00:00,AAVE/USDT,pancakeswap,sushiswap,5000,23.350439398788694,0.4670087879757739,8.076149556532526,32927.885451657174
True,2025-09-29 22:55:00+00:00,MATIC/USDT,sushiswap,pancakeswap,5000,10.833424896104589,0.21666849792209178,5.910127578361025,32938.71887655328
True,2025-09-30 00:05:00+00:00,ETH/USDT,pancakeswap,curve,5000,15.020940762464306,0.30041881524928615,21.463840816875507,32953.73981731574
True,2025-09-30 01:30:00+00:00,LINK/USDT,pancakeswap,sushiswap,5000,34.711271672485054,0.6942254334497011,12.826685857408222,32988.45108898823
True,2025-09-30 01:40:00+00:00,ETH/USDT,pancakeswap,uniswap_v3,5000,42.48324816328841,0.8496649632657681,7.223010797054416,33030.93433715152
True,2025-09-30 05:15:00+00:00,BTC/USDT,sushiswap,pancakeswap,5000,11.561669353760408,0.23123338707520819,7.846370588906258,33042.49600650528
True,2025-09-30 06:05:00+00:00,ETH/DAI,pancakeswap,curve,5000,13.4937706211349,0.269875412422698,11.9488116941189,33055.989777126415
True,2025-09-30 08:30:00+00:00,BTC/ETH,sushiswap,pancakeswap,5000,36.99398708681474,0.7398797417362948,13.914200656980116,33092.98376421323
True,2025-09-30 08:55:00+00:00,MATIC/ETH,pancakeswap,uniswap_v3,5000,19.97430861297744,0.39948617225954874,10.612173694391537,33112.95807282621
True,2025-09-30 09:25:00+00:00,ETH/USDC,pancakeswap,uniswap_v3,5000,16.76300766022632,0.33526015320452646,6.102064047724573,33129.72108048644
True,2025-09-30 10:10:00+00:00,LINK/USDT,sushiswap,pancakeswap,5000,42.28771871872959,0.8457543743745919,14.419518133165898,33172.00879920517
True,2025-09-30 12:55:00+00:00,MATIC/USDT,curve,pancakeswap,5000,32.26293813317261,0.6452587626634522,15.290020081305618,33204.27173733834
True,2025-09-30 13:40:00+00:00,ETH/DAI,sushiswap,pancakeswap,5000,17.092237172032583,0.3418447434406517,16.269803512486877,33221.36397451037
True,2025-09-30 16:50:00+00:00,BTC/USDT,pancakeswap,sushiswap,5000,18.964918795248195,0.3792983759049639,7.31229503760413,33240.32889330562
True,2025-09-30 18:45:00+00:00,UNI/USDT,sushiswap,pancakeswap,5000,11.819409817550877,0.23638819635101752,7.044705053437027,33252.14830312317
True,2025-09-30 19:55:00+00:00,UNI/ETH,sushiswap,pancakeswap,5000,33.630368220568016,0.6726073644113604,13.117370168802685,33285.77867134374
True,2025-09-30 20:05:00+00:00,LINK/USDT,pancakeswap,sushiswap,5000,19.627602294595818,0.39255204589191633,14.55450535140965,33305.406273638335
True,2025-09-30 21:05:00+00:00,ETH/USDC,sushiswap,pancakeswap,5000,13.47281448143167,0.2694562896286334,13.19434397750795,33318.879088119764
True,2025-09-30 23:30:00+00:00,AAVE/ETH,sushiswap,pancakeswap,5000,13.49377468979219,0.26987549379584375,14.331090966047329,33332.372862809556
True,2025-10-01 00:25:00+00:00,AAVE/USDT,pancakeswap,sushiswap,5000,16.91676216911128,0.3383352433822256,8.398233762463699,33349.289624978665
True,2025-10-01 01:45:00+00:00,UNI/USDT,pancakeswap,sushiswap,5000,23.696377324289642,0.4739275464857928,11.015786428516277,33372.986002302954
True,2025-10-01 02:55:00+00:00,BTC/ETH,pancakeswap,sushiswap,5000,15.161821942660936,0.3032364388532187,7.274604576253163,33388.147824245614
True,2025-10-01 05:15:00+00:00,UNI/ETH,pancakeswap,sushiswap,5000,24.559676014529032,0.4911935202905806,18.909535753749307,33412.70750026014
True,2025-10-01 06:10:00+00:00,ETH/DAI,pancakeswap,sushiswap,5000,11.623528217918647,0.23247056435837296,7.771398646642964,33424.33102847806
True,2025-10-01 06:40:00+00:00,AAVE/USDT,pancakeswap,sushiswap,5000,17.17710611745224,0.3435421223490448,14.489278217695125,33441.50813459551
True,2025-10-01 11:20:00+00:00,ETH/DAI,pancakeswap,uniswap_v3,5000,33.3502850403529,0.667005700807058,15.736227053857206,33474.858419635864
True,2025-10-01 11:45:00+00:00,BTC/ETH,sushiswap,pancakeswap,5000,21.822606647753673,0.43645213295507346,6.705879629648279,33496.681026283615
True,2025-10-01 14:30:00+00:00,MATIC/USDT,pancakeswap,uniswap_v3,5000,13.746182848057288,0.27492365696114573,6.545785546386794,33510.427209131674
True,2025-10-01 15:50:00+00:00,LINK/ETH,sushiswap,pancakeswap,5000,31.007845773119698,0.6201569154623939,12.587713965412206,33541.435054904796
True,2025-10-01 16:20:00+00:00,MATIC/ETH,pancakeswap,curve,5000,33.87782256436003,0.6775564512872007,22.699622972825335,33575.31287746916
True,2025-10-01 18:10:00+00:00,AAVE/USDT,pancakeswap,uniswap_v3,5000,32.493298406473514,0.6498659681294703,16.061626714915263,33607.80617587563
True,2025-10-01 19:10:00+00:00,UNI/ETH,pancakeswap,sushiswap,5000,33.773793791388016,0.6754758758277604,10.06238768273786,33641.579969667015
True,2025-10-01 21:20:00+00:00,UNI/ETH,uniswap_v3,pancakeswap,5000,16.125081785707152,0.32250163571414303,9.085353151123162,33657.70505145272
True,2025-10-01 21:20:00+00:00,UNI/USDT,sushiswap,pancakeswap,5000,11.176459155750308,0.22352918311500614,12.470162463979715,33668.88151060847
True,2025-10-01 21:40:00+00:00,UNI/USDT,pancakeswap,curve,5000,11.338036928411384,0.2267607385682277,15.140589779958562,33680.219547536886
True,2025-10-01 23:20:00+00:00,MATIC/USDT,curve,pancakeswap,5000,16.722358207223806,0.3344471641444761,12.701865942979971,33696.94190574411
True,2025-10-02 01:50:00+00:00,MATIC/USDT,uniswap_v3,pancakeswap,5000,24.842396008843934,0.49684792017687873,19.056952215496068,33721.78430175295
True,2025-10-02 03:20:00+00:00,UNI/ETH,sushiswap,pancakeswap,5000,17.363521774132096,0.3472704354826419,6.356635893402613,33739.147823527084
True,2025-10-02 03:45:00+00:00,AAVE/ETH,sushiswap,pancakeswap,5000,22.08741898219887,0.4417483796439774,13.004896532000814,33761.23524250928
True,2025-10-02 05:25:00+00:00,LINK/USDT,sushiswap,pancakeswap,5000,24.39353984112313,0.4878707968224626,14.316197864059678,33785.62878235041
True,2025-10-02 05:45:00+00:00,UNI/ETH,pancakeswap,sushiswap,5000,23.97115271378607,0.47942305427572135,10.740985860189447,33809.599935064194
True,2025-10-02 06:20:00+00:00,UNI/USDT,pancakeswap,sushiswap,5000,10.54950512416417,0.2109901024832834,5.701931094605895,33820.14944018836
True,2025-10-02 10:05:00+00:00,ETH/USDC,pancakeswap,curve,5000,21.135732347797784,0.42271464695595573,13.422634975576809,33841.28517253616
True,2025-10-02 10:20:00+00:00,ETH/USDT,sushiswap,pancakeswap,5000,10.223086759734542,0.20446173519469085,19.1399340353926,33851.50825929589
True,2025-10-02 12:25:00+00:00,AAVE/ETH,curve,pancakeswap,5000,12.466639907378521,0.24933279814757042,16.036506270635684,33863.97489920327
True,2025-10-02 12:50:00+00:00,BTC/ETH,pancakeswap,uniswap_v3,5000,38.599975469435776,0.7719995093887155,9.367275475418339,33902.574874672704
True,2025-10-02 12:55:00+00:00,LINK/ETH,pancakeswap,sushiswap,5000,14.214889850788495,0.2842977970157699,11.579859972791978,33916.78976452349
True,2025-10-02 15:45:00+00:00,ETH/USDT,curve,pancakeswap,5000,17.652236687276854,0.3530447337455371,17.536321953135594,33934.442001210766
True,2025-10-02 17:00:00+00:00,AAVE/ETH,pancakeswap,sushiswap,5000,42.36436918756317,0.8472873837512634,14.38529148503413,33976.80637039833
True,2025-10-02 17:15:00+00:00,ETH/DAI,pancakeswap,sushiswap,5000,16.15489789297135,0.32309795785942697,19.725035925319585,33992.9612682913
True,2025-10-02 17:25:00+00:00,AAVE/USDT,pancakeswap,uniswap_v3,5000,11.530813708434835,0.2306162741686967,11.321256929080938,34004.492081999735
True,2025-10-02 19:35:00+00:00,AAVE/USDT,sushiswap,pancakeswap,5000,16.130848694882843,0.32261697389765687,15.291310832652929,34020.62293069462
True,2025-10-02 21:10:00+00:00,ETH/USDT,pancakeswap,curve,5000,29.047866246657577,0.5809573249331516,21.92777035629867,34049.670796941275
True,2025-10-02 21:40:00+00:00,BTC/USDT,pancakeswap,sushiswap,5000,11.247059633177741,0.22494119266355483,6.565221375851897,34060.91785657445
True,2025-10-03 02:25:00+00:00,MATIC/USDT,pancakeswap,uniswap_v3,5000,20.10157244245056,0.40203144884901115,13.431759494937495,34081.0194290169
True,2025-10-03 03:30:00+00:00,UNI/USDT,curve,pancakeswap,5000,15.957237340742722,0.31914474681485444,14.398794812924997,34096.976666357645
True,2025-10-03 04:50:00+00:00,ETH/DAI,pancakeswap,sushiswap,5000,10.235733959778372,0.20471467919556743,6.393951840617048,34107.212400317425
True,2025-10-03 05:25:00+00:00,MATIC/USDT,pancakeswap,sushiswap,5000,21.17348515682079,0.4234697031364158,7.943952165742316,34128.38588547424
True,2025-10-03 05:35:00+00:00,LINK/ETH,uniswap_v3,pancakeswap,5000,14.981548322193703,0.29963096644387405,13.614758587961362,34143.36743379643
True,2025-10-03 07:45:00+00:00,AAVE/ETH,uniswap_v3,pancakeswap,5000,12.508640494414067,0.25017280988828133,9.55352401089482,34155.87607429085
True,2025-10-03 08:00:00+00:00,LINK/USDT,pancakeswap,sushiswap,5000,18.330246336909113,0.36660492673818224,13.688606402331192,34174.20632062776
True,2025-10-03 12:55:00+00:00,AAVE/USDT,pancakeswap,uniswap_v3,5000,12.582227660720491,0.2516445532144098,14.672262728250034,34186.78854828848
True,2025-10-03 13:35:00+00:00,ETH/USDT,pancakeswap,sushiswap,5000,35.39352585594952,0.7078705171189904,7.186936153670368,34222.18207414443
True,2025-10-03 14:35:00+00:00,LINK/ETH,sushiswap,pancakeswap,5000,31.825284615216333,0.6365056923043266,7.762134201453936,34254.00735875965
True,2025-10-03 15:35:00+00:00,MATIC/ETH,uniswap_v3,pancakeswap,5000,18.584769602313827,0.37169539204627655,15.621436174438731,34272.59212836196
True,2025-10-03 15:45:00+00:00,BTC/ETH,uniswap_v3,pancakeswap,5000,19.92128002469235,0.398425600493847,6.632303003419682,34292.51340838665
True,2025-10-03 15:55:00+00:00,ETH/USDC,pancakeswap,curve,5000,29.16387523321464,0.5832775046642928,25.838175716208877,34321.677283619865
True,2025-10-03 20:40:00+00:00,AAVE/ETH,pancakeswap,sushiswap,5000,27.87920094459423,0.5575840188918846,8.828421310402646,34349.55648456446
True,2025-10-03 22:15:00+00:00,MATIC/USDT,pancakeswap,sushiswap,5000,16.829119671886474,0.33658239343772944,14.357934042549303,34366.38560423635
True,2025-10-03 23:20:00+00:00,UNI/ETH,pancakeswap,sushiswap,5000,12.859097052016295,0.2571819410403259,10.545813951451281,34379.244701288364
True,2025-10-03 23:45:00+00:00,ETH/USDC,uniswap_v3,pancakeswap,5000,17.714277204438076,0.3542855440887615,10.321310427354256,34396.9589784928
True,2025-10-04 00:55:00+00:00,UNI/USDT,sushiswap,pancakeswap,5000,21.48316463987976,0.4296632927975952,10.818693483689268,34418.442143132685
True,2025-10-04 01:05:00+00:00,AAVE/ETH,pancakeswap,uniswap_v3,5000,13.815384017291763,0.27630768034583525,11.95849843203371,34432.25752714997
True,2025-10-04 01:05:00+00:00,BTC/USDT,pancakeswap,sushiswap,5000,29.33524578381912,0.5867049156763824,19.950048703272,34461.59277293379
True,2025-10-04 01:20:00+00:00,ETH/USDT,sushiswap,pancakeswap,5000,30.78926714523368,0.6157853429046736,7.528071037411156,34492.38204007903
True,2025-10-04 01:45:00+00:00,BTC/ETH,pancakeswap,sushiswap,5000,28.990691403048004,0.5798138280609602,19.542375025989468,34521.37273148208
True,2025-10-04 05:40:00+00:00,ETH/USDC,pancakeswap,sushiswap,5000,23.114390810732402,0.4622878162146481,8.81565060856337,34544.48712229281
True,2025-10-04 05:40:00+00:00,LINK/ETH,pancakeswap,uniswap_v3,5000,28.691813178123084,0.5738362635624616,17.437436823522017,34573.17893547093
True,2025-10-04 06:30:00+00:00,LINK/USDT,pancakeswap,sushiswap,5000,22.208623804903254,0.4441724760980651,9.75201862262863,34595.387559275834
True,2025-10-04 08:05:00+00:00,MATIC/ETH,sushiswap,pancakeswap,5000,20.04448136314022,0.4008896272628044,5.786481222607488,34615.432040638974
True,2025-10-04 08:55:00+00:00,BTC/ETH,pancakeswap,curve,5000,25.274835556465405,0.5054967111293082,14.848376960772798,34640.70687619544
True,2025-10-04 09:00:00+00:00,LINK/ETH,pancakeswap,uniswap_v3,5000,18.656063662615452,0.37312127325230904,11.07992782239313,34659.36293985806
True,2025-10-04 09:00:00+00:00,MATIC/ETH,pancakeswap,sushiswap,5000,23.263026583682404,0.46526053167364806,9.580428413463476,34682.625966441745
True,2025-10-04 09:50:00+00:00,UNI/USDT,pancakeswap,uniswap_v3,5000,17.44421763052378,0.3488843526104756,19.899884394172272,34700.07018407227
True,2025-10-04 12:05:00+00:00,AAVE/ETH,curve,pancakeswap,5000,13.620062867427805,0.27240125734855614,23.952663547018634,34713.690246939695
True,2025-10-04 15:15:00+00:00,LINK/USDT,pancakeswap,sushiswap,5000,10.56314393321918,0.21126287866438362,8.572510011155972,34724.25339087292
True,2025-10-04 20:45:00+00:00,UNI/ETH,uniswap_v3,pancakeswap,5000,21.576184071657735,0.43152368143315467,9.430984407438519,34745.829574944575
True,2025-10-04 23:20:00+00:00,BTC/USDT,sushiswap,pancakeswap,5000,31.70095105112796,0.6340190210225592,10.980089002375667,34777.5305259957
True,2025-10-05 03:55:00+00:00,AAVE/ETH,sushiswap,pancakeswap,5000,11.611247230981462,0.23222494461962923,8.605353839281555,34789.141773226685
True,2025-10-05 04:35:00+00:00,LINK/USDT,sushiswap,pancakeswap,5000,11.767245277669645,0.2353449055533929,16.649776247559245,34800.90901850435
True,2025-10-05 04:50:00+00:00,AAVE/USDT,pancakeswap,sushiswap,5000,13.868853068150202,0.27737706136300405,11.88403300026565,34814.7778715725
True,2025-10-05 08:30:00+00:00,MATIC/ETH,pancakeswap,sushiswap,5000,19.125097214173366,0.38250194428346734,14.977501612857402,34833.90296878667
True,2025-10-05 08:35:00+00:00,AAVE/USDT,pancakeswap,sushiswap,5000,25.840734661534043,0.5168146932306809,6.737583166727993,34859.743703448206
True,2025-10-05 08:50:00+00:00,BTC/USDT,pancakeswap,curve,5000,32.76641781314265,0.655328356262853,20.627284514097596,34892.51012126135
True,2025-10-05 08:55:00+00:00,MATIC/USDT,sushiswap,pancakeswap,5000,24.412910771488896,0.48825821542977793,14.656443493783533,34916.92303203284
True,2025-10-05 09:00:00+00:00,ETH/USDT,pancakeswap,sushiswap,5000,17.133811246424557,0.34267622492849115,8.919820801005347,34934.056843279264
True,2025-10-05 10:35:00+00:00,ETH/USDT,uniswap_v3,pancakeswap,5000,11.001174166813144,0.22002348333626287,5.716427320478784,34945.05801744608
True,2025-10-05 11:30:00+00:00,ETH/DAI,curve,pancakeswap,5000,10.036828814882938,0.20073657629765873,16.177760181630383,34955.09484626096
True,2025-10-05 12:05:00+00:00,UNI/USDT,pancakeswap,curve,5000,16.98499330038976,0.33969986600779517,13.22295153524378,34972.07983956135
True,2025-10-05 12:25:00+00:00,AAVE/ETH,uniswap_v3,pancakeswap,5000,16.279683375580134,0.3255936675116027,18.354734660248717,34988.35952293693
True,2025-10-05 14:05:00+00:00,ETH/USDC,pancakeswap,sushiswap,5000,16.121568721073345,0.3224313744214669,8.322623551407277,35004.481091658
True,2025-10-05 14:20:00+00:00,ETH/DAI,pancakeswap,sushiswap,5000,21.442218797245914,0.42884437594491825,6.448903950834549,35025.92331045525
True,2025-10-05 17:00:00+00:00,UNI/USDT,curve,pancakeswap,5000,10.90730980882745,0.21814619617654898,15.743608214049718,35036.830620264074
True,2025-10-05 19:00:00+00:00,ETH/USDC,sushiswap,pancakeswap,5000,10.631916903598722,0.21263833807197444,7.665100919502708,35047.462537167674
True,2025-10-05 20:35:00+00:00,MATIC/ETH,pancakeswap,sushiswap,5000,22.507826240372196,0.45015652480744395,6.176521453918379,35069.97036340804
True,2025-10-05 21:35:00+00:00,UNI/USDT,sushiswap,pancakeswap,5000,25.74083455541222,0.5148166911082444,7.534352640565317,35095.71119796346
True,2025-10-05 22:00:00+00:00,ETH/USDC,curve,pancakeswap,5000,27.519694435154634,0.5503938887030927,18.788758649126763,35123.23089239861
True,2025-10-05 23:10:00+00:00,MATIC/ETH,sushiswap,pancakeswap,5000,15.332864664757835,0.30665729329515673,9.31633389840588,35138.56375706337
True,2025-10-06 00:45:00+00:00,ETH/USDC,pancakeswap,uniswap_v3,5000,17.304614591237623,0.3460922918247525,14.591232180898368,35155.86837165461
True,2025-10-06 01:30:00+00:00,UNI/ETH,pancakeswap,sushiswap,5000,23.573259347091152,0.47146518694182304,15.622054263288149,35179.4416310017
True,2025-10-06 04:00:00+00:00,BTC/USDT,sushiswap,pancakeswap,5000,27.612689857846817,0.5522537971569363,7.716899913620049,35207.05432085954
True,2025-10-06 06:40:00+00:00,ETH/USDT,pancakeswap,curve,5000,14.599120197072807,0.29198240394145614,21.57407678011683,35221.65344105662
True,2025-10-06 07:50:00+00:00,BTC/ETH,sushiswap,pancakeswap,5000,10.0330762602498,0.200661525204996,5.434233476376502,35231.68651731686
True,2025-10-06 11:45:00+00:00,ETH/USDC,pancakeswap,sushiswap,5000,15.93039001233592,0.3186078002467184,7.9984933062398555,35247.6169073292
True,2025-10-06 14:05:00+00:00,UNI/USDT,pancakeswap,sushiswap,5000,12.283179075330736,0.24566358150661474,6.045388901647717,35259.90008640453
True,2025-10-06 14:50:00+00:00,BTC/USDT,pancakeswap,curve,5000,18.43599673648896,0.3687199347297792,15.635694858608144,35278.33608314102
True,2025-10-06 15:15:00+00:00,MATIC/ETH,curve,pancakeswap,5000,24.652470798043396,0.49304941596086793,11.106719981288194,35302.98855393906
True,2025-10-06 18:00:00+00:00,LINK/ETH,curve,pancakeswap,5000,30.448525803117263,0.6089705160623453,19.91949236893126,35333.43707974218
True,2025-10-06 19:00:00+00:00,BTC/ETH,pancakeswap,sushiswap,5000,18.039071551622328,0.3607814310324466,7.434236886717609,35351.4761512938
True,2025-10-06 20:35:00+00:00,LINK/ETH,pancakeswap,sushiswap,5000,28.32817111422355,0.566563422284471,15.78652167987125,35379.804322408025
True,2025-10-06 23:20:00+00:00,ETH/USDT,sushiswap,pancakeswap,5000,15.346239921987944,0.3069247984397589,5.788198214442264,35395.15056233001
True,2025-10-07 01:40:00+00:00,BTC/USDT,pancakeswap,curve,5000,38.22905463021925,0.764581092604385,29.891884319486557,35433.37961696023
True,2025-10-07 06:30:00+00:00,ETH/USDT,sushiswap,pancakeswap,5000,29.87742737308963,0.5975485474617926,19.58028320721436,35463.25704433332
True,2025-10-07 07:55:00+00:00,MATIC/ETH,pancakeswap,curve,5000,12.229035771286362,0.24458071542572726,15.7721398319339,35475.4860801046
True,2025-10-07 09:20:00+00:00,BTC/USDT,pancakeswap,sushiswap,5000,13.497944524176091,0.26995889048352184,14.526154673556793,35488.98402462878
True,2025-10-07 12:05:00+00:00,ETH/DAI,sushiswap,pancakeswap,5000,25.912479706744307,0.5182495941348861,16.75545857616853,35514.89650433552
True,2025-10-07 15:00:00+00:00,UNI/ETH,sushiswap,pancakeswap,5000,16.131765305660338,0.3226353061132068,6.6186754831897225,35531.02826964118
True,2025-10-07 15:10:00+00:00,AAVE/ETH,sushiswap,pancakeswap,5000,10.372744601347222,0.20745489202694442,11.127211506879194,35541.401014242525
True,2025-10-07 15:45:00+00:00,BTC/USDT,pancakeswap,sushiswap,5000,19.071197496900822,0.3814239499380164,18.74010164146145,35560.47221173943
True,2025-10-07 17:05:00+00:00,LINK/ETH,pancakeswap,sushiswap,5000,11.49273795715726,0.2298547591431452,14.854278073318081,35571.96494969659
True,2025-10-07 18:20:00+00:00,AAVE/ETH,pancakeswap,uniswap_v3,5000,11.439231486191602,0.22878462972383204,8.351036077177266,35583.40418118278
True,2025-10-07 18:45:00+00:00,BTC/USDT,pancakeswap,uniswap_v3,5000,10.667185695303488,0.21334371390606977,10.99513424247625,35594.07136687808
True,2025-10-07 20:35:00+00:00,ETH/USDC,uniswap_v3,pancakeswap,5000,35.79161480537459,0.7158322961074919,8.95135400936433,35629.86298168346
True,2025-10-07 21:00:00+00:00,MATIC/ETH,sushiswap,pancakeswap,5000,50.7512702521326,1.015025405042652,9.567527915919474,35680.61425193559
True,2025-10-07 21:25:00+00:00,LINK/USDT,pancakeswap,sushiswap,5000,26.721871167067548,0.5344374233413509,6.152906067715009,35707.33612310266
True,2025-10-08 01:30:00+00:00,AAVE/USDT,pancakeswap,sushiswap,5000,25.408082232128436,0.5081616446425687,16.920796131890473,35732.744205334784
True,2025-10-08 02:10:00+00:00,BTC/ETH,pancakeswap,uniswap_v3,5000,20.090820062703642,0.4018164012540728,8.320331194100973,35752.835025397486
True,2025-10-08 04:05:00+00:00,ETH/DAI,uniswap_v3,pancakeswap,5000,25.189354836727944,0.5037870967345589,9.423495739053994,35778.024380234216
True,2025-10-08 04:50:00+00:00,UNI/USDT,pancakeswap,curve,5000,15.81176859232437,0.3162353718464874,13.723357443677209,35793.83614882654
True,2025-10-08 06:25:00+00:00,AAVE/ETH,pancakeswap,sushiswap,5000,24.09022659364291,0.48180453187285815,7.341876303053732,35817.92637542018
True,2025-10-08 07:05:00+00:00,BTC/USDT,uniswap_v3,pancakeswap,5000,24.69722586036096,0.4939445172072192,15.780188362526976,35842.623601280546
True,2025-10-08 07:25:00+00:00,BTC/USDT,pancakeswap,sushiswap,5000,10.03248359104873,0.2006496718209746,14.541144763820709,35852.656084871596
True,2025-10-08 07:50:00+00:00,UNI/ETH,curve,pancakeswap,5000,19.46273833527448,0.3892547667054896,13.26688916957523,35872.11882320687
True,2025-10-08 09:30:00+00:00,AAVE/USDT,pancakeswap,sushiswap,5000,13.09266411756198,0.2618532823512396,12.71352710973483,35885.21148732443
True,2025-10-08 10:20:00+00:00,MATIC/USDT,sushiswap,pancakeswap,5000,18.21751818541179,0.3643503637082358,19.447934039577934,35903.42900550984
True,2025-10-08 13:40:00+00:00,UNI/USDT,uniswap_v3,pancakeswap,5000,39.60382966585439,0.7920765933170879,7.957896849731695,35943.03283517569
True,2025-10-08 13:55:00+00:00,MATIC/USDT,uniswap_v3,pancakeswap,5000,11.638608251629194,0.23277216503258388,12.807347498685528,35954.671443427316
True,2025-10-08 15:10:00+00:00,LINK/ETH,pancakeswap,curve,5000,20.775624203036386,0.4155124840607277,15.428536686452981,35975.44706763035
True,2025-10-08 19:50:00+00:00,ETH/DAI,pancakeswap,uniswap_v3,5000,10.887264260963093,0.21774528521926184,5.693666087446684,35986.33433189132
True,2025-10-08 20:25:00+00:00,ETH/DAI,curve,pancakeswap,5000,32.72577891313267,0.6545155782626534,14.368277595447852,36019.06011080445
True,2025-10-08 23:55:00+00:00,AAVE/ETH,pancakeswap,sushiswap,5000,47.90951108196532,0.9581902216393064,13.6245484918439,36066.96962188641
True,2025-10-09 03:00:00+00:00,MATIC/ETH,sushiswap,pancakeswap,5000,19.286294934266152,0.38572589868532303,6.216658965568888,36086.25591682068
True,2025-10-09 03:50:00+00:00,ETH/USDT,sushiswap,pancakeswap,5000,13.331771756979833,0.26663543513959664,10.344651722351951,36099.58768857766
True,2025-10-09 08:45:00+00:00,UNI/ETH,sushiswap,pancakeswap,5000,13.81273739903554,0.2762547479807108,14.829600157034527,36113.400425976695
True,2025-10-09 09:45:00+00:00,UNI/ETH,sushiswap,pancakeswap,5000,21.81504425726962,0.4363008851453924,10.004037928671439,36135.21547023396
True,2025-10-09 10:20:00+00:00,AAVE/ETH,pancakeswap,sushiswap,5000,11.307175076550266,0.22614350153100532,11.081816221873982,36146.52264531051
True,2025-10-09 14:15:00+00:00,AAVE/ETH,pancakeswap,sushiswap,5000,13.653492226198068,0.2730698445239614,7.211155272474232,36160.17613753671
True,2025-10-09 20:50:00+00:00,ETH/DAI,pancakeswap,sushiswap,5000,13.923755440902823,0.2784751088180565,8.779104720264199,36174.09989297762
True,2025-10-09 20:50:00+00:00,UNI/ETH,sushiswap,pancakeswap,5000,15.986131541678333,0.31972263083356667,5.947432779302808,36190.086024519296
True,2025-10-09 21:20:00+00:00,LINK/USDT,pancakeswap,curve,5000,19.16222299614583,0.38324445992291656,22.849541632153056,36209.24824751544
True,2025-10-09 23:25:00+00:00,ETH/USDC,curve,pancakeswap,5000,23.231882782974026,0.46463765565948045,19.21330808177369,36232.48013029841
True,2025-10-10 02:50:00+00:00,AAVE/ETH,sushiswap,pancakeswap,5000,10.010293310784618,0.20020586621569236,10.916048261271847,36242.4904236092
True,2025-10-10 03:40:00+00:00,LINK/ETH,uniswap_v3,pancakeswap,5000,21.69421457532735,0.43388429150654706,7.326700872674163,36264.184638184524
True,2025-10-10 05:45:00+00:00,AAVE/ETH,uniswap_v3,pancakeswap,5000,32.581194438906095,0.6516238887781219,13.954827622927175,36296.76583262343
True,2025-10-10 07:20:00+00:00,MATIC/USDT,sushiswap,pancakeswap,5000,36.335076807953556,0.7267015361590712,12.487931172528864,36333.100909431385
True,2025-10-10 07:35:00+00:00,ETH/USDC,sushiswap,pancakeswap,5000,15.178646302105335,0.3035729260421067,6.022749486687115,36348.27955573349
True,2025-10-10 08:40:00+00:00,LINK/ETH,uniswap_v3,pancakeswap,5000,11.660314121864758,0.23320628243729516,19.815938254899045,36359.939869855356
True,2025-10-10 15:00:00+00:00,ETH/DAI,sushiswap,pancakeswap,5000,20.30828295129413,0.40616565902588264,9.966587240458963,36380.24815280665
True,2025-10-10 15:00:00+00:00,UNI/ETH,sushiswap,pancakeswap,5000,18.28549567702248,0.3657099135404496,10.164274370330585,36398.53364848367
True,2025-10-10 15:40:00+00:00,ETH/USDC,sushiswap,pancakeswap,5000,28.947207963943583,0.5789441592788717,10.97647324591269,36427.48085644762
True,2025-10-10 19:20:00+00:00,AAVE/USDT,pancakeswap,uniswap_v3,5000,26.49455120233233,0.5298910240466467,17.518836021971797,36453.97540764995
True,2025-10-10 21:40:00+00:00,ETH/USDC,sushiswap,pancakeswap,5000,23.198619258586405,0.4639723851717281,20.052148502950995,36477.17402690854
True,2025-10-11 01:20:00+00:00,UNI/USDT,pancakeswap,uniswap_v3,5000,18.653549288363138,0.3730709857672627,8.303762062562852,36495.827576196905
True,2025-10-11 02:25:00+00:00,AAVE/ETH,pancakeswap,sushiswap,5000,22.36796633218637,0.4473593266437274,13.844516920752003,36518.195542529094
True,2025-10-11 05:55:00+00:00,MATIC/ETH,sushiswap,pancakeswap,5000,24.557788547103883,0.4911557709420777,14.500138508184182,36542.7533310762
True,2025-10-11 10:25:00+00:00,AAVE/USDT,uniswap_v3,pancakeswap,5000,12.765962862008564,0.2553192572401713,6.218408239348312,36555.51929393821
True,2025-10-11 10:50:00+00:00,MATIC/USDT,uniswap_v3,pancakeswap,5000,16.67654900361049,0.33353098007220977,12.304881500245365,36572.19584294182
True,2025-10-11 14:40:00+00:00,ETH/DAI,sushiswap,pancakeswap,5000,14.104670291980256,0.2820934058396051,16.00725566483192,36586.3005132338
True,2025-10-11 15:45:00+00:00,LINK/USDT,pancakeswap,sushiswap,5000,31.93928386530115,0.638785677306023,9.313021603431277,36618.2397970991
True,2025-10-11 19:50:00+00:00,LINK/USDT,pancakeswap,sushiswap,5000,19.576368738280507,0.39152737476561017,10.796436385025272,36637.81616583738
True,2025-10-11 20:55:00+00:00,ETH/DAI,pancakeswap,curve,5000,39.777578952915974,0.7955515790583194,23.139675278658185,36677.5937447903
True,2025-10-12 00:15:00+00:00,MATIC/ETH,sushiswap,pancakeswap,5000,10.618392915304867,0.2123678583060973,7.436123743198674,36688.2121377056
True,2025-10-12 01:30:00+00:00,AAVE/USDT,sushiswap,pancakeswap,5000,15.716390719266201,0.31432781438532403,8.460610114218126,36703.92852842487
True,2025-10-12 01:50:00+00:00,LINK/USDT,pancakeswap,curve,5000,52.14247730020452,1.0428495460040903,18.856809835843617,36756.071005725076
True,2025-10-12 03:15:00+00:00,MATIC/USDT,sushiswap,pancakeswap,5000,37.849574989689245,0.7569914997937849,6.169366691930713,36793.92058071477
True,2025-10-12 04:00:00+00:00,MATIC/ETH,pancakeswap,curve,5000,17.224160720708824,0.34448321441417645,12.711878560698272,36811.14474143548
True,2025-10-12 04:50:00+00:00,LINK/ETH,curve,pancakeswap,5000,28.517237786842088,0.5703447557368417,13.913642778149256,36839.66197922232
True,2025-10-12 05:35:00+00:00,MATIC/ETH,sushiswap,pancakeswap,5000,24.207615916782743,0.4841523183356548,8.649119826461229,36863.869595139106
True,2025-10-12 05:40:00+00:00,UNI/USDT,pancakeswap,sushiswap,5000,25.283630986174103,0.5056726197234821,18.775256453756104,36889.15322612528
True,2025-10-12 07:00:00+00:00,LINK/USDT,pancakeswap,sushiswap,5000,22.81848341845489,0.45636966836909776,8.260693108811747,36911.97170954374
True,2025-10-12 09:15:00+00:00,ETH/USDT,sushiswap,pancakeswap,5000,12.561387225469844,0.2512277445093969,6.329982748943062,36924.533096769206
True,2025-10-12 09:45:00+00:00,BTC/ETH,pancakeswap,sushiswap,5000,13.517388147464771,0.27034776294929547,8.925675164383936,36938.05048491667
True,2025-10-12 11:00:00+00:00,UNI/USDT,uniswap_v3,pancakeswap,5000,14.969560191373603,0.2993912038274721,9.67732963068635,36953.020045108045
True,2025-10-12 14:10:00+00:00,UNI/USDT,pancakeswap,sushiswap,5000,13.607936580005116,0.27215873160010234,16.777185829003646,36966.62798168805
True,2025-10-12 17:30:00+00:00,BTC/USDT,uniswap_v3,pancakeswap,5000,37.59218764137404,0.7518437528274807,10.296504500263678,37004.22016932942
True,2025-10-12 18:05:00+00:00,UNI/ETH,curve,pancakeswap,5000,37.52652681007203,0.7505305362014406,12.578733657890135,37041.74669613949
True,2025-10-13 00:50:00+00:00,UNI/ETH,sushiswap,pancakeswap,5000,18.027987040779408,0.3605597408155881,8.934405250901618,37059.774683180265
True,2025-10-13 01:00:00+00:00,ETH/USDT,pancakeswap,sushiswap,5000,10.47241771190238,0.20944835423804764,6.938687238548294,37070.24710089217
True,2025-10-13 01:50:00+00:00,BTC/ETH,sushiswap,pancakeswap,5000,10.122699115419891,0.20245398230839784,9.892297188861013,37080.36980000759
True,2025-10-13 02:25:00+00:00,MATIC/ETH,sushiswap,pancakeswap,5000,10.656584524760547,0.2131316904952109,8.799615426670954,37091.02638453235
True,2025-10-13 04:20:00+00:00,BTC/USDT,pancakeswap,sushiswap,5000,14.243351449673355,0.2848670289934671,17.656516575264806,37105.26973598202
True,2025-10-13 07:30:00+00:00,AAVE/ETH,pancakeswap,curve,5000,10.757444246125488,0.21514888492250975,15.762646620469795,37116.02718022815
True,2025-10-13 08:30:00+00:00,LINK/USDT,curve,pancakeswap,5000,21.95277981124309,0.43905559622486184,29.47608435967298,37137.97996003939
True,2025-10-13 08:55:00+00:00,AAVE/ETH,pancakeswap,sushiswap,5000,10.988883030587203,0.21977766061174409,7.134218263007242,37148.968843069975
True,2025-10-13 09:30:00+00:00,UNI/ETH,pancakeswap,sushiswap,5000,12.007073639683767,0.24014147279367537,10.603967588388697,37160.975916709656
True,2025-10-13 11:25:00+00:00,ETH/USDT,pancakeswap,sushiswap,5000,76.92122246393501,1.5384244492787003,8.227504738789303,37237.89713917359
True,2025-10-13 11:50:00+00:00,MATIC/USDT,pancakeswap,uniswap_v3,5000,26.344054187325128,0.5268810837465026,8.273732887193962,37264.24119336092
True,2025-10-13 12:45:00+00:00,UNI/USDT,sushiswap,uniswap_v3,5000,10.428951276207044,0.2085790255241409,24.286588364697884,37274.67014463712
True,2025-10-13 14:50:00+00:00,AAVE/USDT,curve,pancakeswap,5000,25.920658110277145,0.5184131622055429,21.019402416634982,37300.5908027474
True,2025-10-13 17:05:00+00:00,BTC/ETH,pancakeswap,sushiswap,5000,17.563257055682698,0.351265141113654,15.401260319545196,37318.154059803084
True,2025-10-13 17:55:00+00:00,AAVE/ETH,sushiswap,pancakeswap,5000,32.863627722304045,0.6572725544460809,11.238666340546702,37351.01768752539
True,2025-10-13 18:40:00+00:00,AAVE/ETH,sushiswap,pancakeswap,5000,17.294939225301277,0.34589878450602557,19.33947678545893,37368.31262675069
True,2025-10-13 19:45:00+00:00,LINK/USDT,uniswap_v3,pancakeswap,5000,16.70048773481085,0.33400975469621697,13.788462829949205,37385.0131144855
True,2025-10-14 02:00:00+00:00,AAVE/ETH,pancakeswap,curve,5000,16.25524265304557,0.3251048530609114,20.715538870935184,37401.26835713854
True,2025-10-14 04:05:00+00:00,MATIC/ETH,pancakeswap,sushiswap,5000,10.395157962008852,0.20790315924017702,9.376351123397274,37411.663515100554
True,2025-10-14 05:45:00+00:00,ETH/DAI,curve,pancakeswap,5000,16.404095872630023,0.32808191745260046,11.859665046930104,37428.06761097319
True,2025-10-14 06:05:00+00:00,AAVE/USDT,pancakeswap,curve,5000,19.719626301122844,0.39439252602245684,24.463641643044014,37447.78723727431
True,2025-10-14 06:25:00+00:00,AAVE/USDT,sushiswap,pancakeswap,5000,19.657464126366904,0.3931492825273381,6.19515359143298,37467.44470140067
True,2025-10-14 10:05:00+00:00,MATIC/USDT,pancakeswap,sushiswap,5000,11.280331168090015,0.22560662336180032,17.70790964480389,37478.725032568764
True,2025-10-14 13:40:00+00:00,ETH/USDT,uniswap_v3,pancakeswap,5000,14.449971137056309,0.2889994227411262,12.963711591450068,37493.17500370582
True,2025-10-14 18:25:00+00:00,UNI/ETH,pancakeswap,sushiswap,5000,25.083910457778984,0.5016782091555797,11.409299184715445,37518.2589141636
True,2025-10-14 20:50:00+00:00,MATIC/USDT,curve,pancakeswap,5000,15.930883791983433,0.31861767583966866,17.053509010710535,37534.18979795558
True,2025-10-15 00:25:00+00:00,ETH/USDC,pancakeswap,sushiswap,5000,11.932953836460001,0.23865907672920003,7.915487420887675,37546.12275179204
True,2025-10-15 01:20:00+00:00,MATIC/USDT,sushiswap,pancakeswap,5000,25.123018782436702,0.502460375648734,19.47618791460128,37571.245770574475
True,2025-10-15 03:20:00+00:00,AAVE/USDT,pancakeswap,sushiswap,5000,14.11980600330935,0.282396120066187,13.818544414799966,37585.36557657778
True,2025-10-15 03:25:00+00:00,UNI/USDT,uniswap_v3,pancakeswap,5000,14.570058938064903,0.29140117876129806,9.141830826283226,37599.935635515845
True,2025-10-15 03:35:00+00:00,AAVE/USDT,pancakeswap,curve,5000,27.3676918712481,0.547353837424962,13.762674457781232,37627.3033273871
True,2025-10-15 05:15:00+00:00,ETH/USDT,uniswap_v3,pancakeswap,5000,13.310967839089244,0.2662193567817849,12.80446872075271,37640.61429522619
True,2025-10-15 05:30:00+00:00,AAVE/ETH,pancakeswap,sushiswap,5000,53.23853576644342,1.0647707153288684,7.234510648478413,37693.85283099263
True,2025-10-15 06:55:00+00:00,ETH/DAI,sushiswap,pancakeswap,5000,40.86300261877386,0.8172600523754773,8.071397743392593,37734.71583361141
True,2025-10-15 08:55:00+00:00,AAVE/USDT,uniswap_v3,pancakeswap,5000,11.70218665865832,0.23404373317316643,10.073517851947223,37746.418020270066
True,2025-10-15 09:00:00+00:00,AAVE/USDT,pancakeswap,curve,5000,52.271087947466185,1.0454217589493238,29.969837450145086,37798.689108217535
True,2025-10-15 11:40:00+00:00,BTC/USDT,pancakeswap,uniswap_v3,5000,10.508219840457969,0.21016439680915938,6.717267470102401,37809.19732805799
True,2025-10-15 12:15:00+00:00,LINK/USDT,uniswap_v3,pancakeswap,5000,11.667035893028697,0.23334071786057392,14.663413889106522,37820.86436395102
True,2025-10-15 12:35:00+00:00,UNI/USDT,pancakeswap,sushiswap,5000,10.395242450405021,0.20790484900810044,10.887753701599456,37831.25960640142
True,2025-10-15 13:45:00+00:00,ETH/USDC,sushiswap,pancakeswap,5000,19.385774468983072,0.3877154893796615,6.30254607058996,37850.6453808704
True,2025-10-15 17:15:00+00:00,MATIC/ETH,pancakeswap,uniswap_v3,5000,10.160729848327719,0.2032145969665544,13.488255632415823,37860.80611071873
True,2025-10-15 18:20:00+00:00,AAVE/ETH,uniswap_v3,pancakeswap,5000,12.139265383648308,0.24278530767296613,5.631429147662847,37872.945376102376
True,2025-10-15 19:50:00+00:00,AAVE/ETH,curve,pancakeswap,5000,24.40469137109085,0.48809382742181695,13.943680524671125,37897.35006747347
True,2025-10-15 20:50:00+00:00,MATIC/USDT,pancakeswap,curve,5000,28.880684422962076,0.5776136884592415,16.00692005382358,37926.23075189643
True,2025-10-15 23:25:00+00:00,UNI/USDT,sushiswap,pancakeswap,5000,10.027082371312645,0.20054164742625288,5.415282849705415,37936.257834267744
True,2025-10-16 04:55:00+00:00,AAVE/ETH,sushiswap,pancakeswap,5000,13.75674917802371,0.2751349835604742,18.333991060430286,37950.014583445765
True,2025-10-16 06:05:00+00:00,UNI/USDT,sushiswap,pancakeswap,5000,32.27258724699641,0.6454517449399282,9.05388261954368,37982.28717069276
True,2025-10-16 06:40:00+00:00,AAVE/ETH,curve,pancakeswap,5000,13.74045733762614,0.27480914675252277,12.772273489313633,37996.02762803039
True,2025-10-16 07:00:00+00:00,MATIC/ETH,uniswap_v3,pancakeswap,5000,24.274852775370164,0.4854970555074033,17.388581230891308,38020.30248080576
True,2025-10-16 08:10:00+00:00,BTC/ETH,uniswap_v3,pancakeswap,5000,25.314836271952117,0.5062967254390424,6.8442264030489115,38045.61731707771
True,2025-10-16 10:10:00+00:00,UNI/ETH,pancakeswap,sushiswap,5000,18.415671427016605,0.3683134285403321,17.399675038664622,38064.032988504725
True,2025-10-16 13:25:00+00:00,BTC/USDT,pancakeswap,uniswap_v3,5000,22.90195509264595,0.458039101852919,14.784079374291196,38086.93494359737
True,2025-10-16 14:00:00+00:00,UNI/ETH,sushiswap,pancakeswap,5000,13.226088925825024,0.2645217785165005,5.854472372840098,38100.161032523196
True,2025-10-16 16:10:00+00:00,ETH/USDT,uniswap_v3,pancakeswap,5000,48.731966652178926,0.9746393330435785,13.20216276940332,38148.892999175376
True,2025-10-16 16:20:00+00:00,ETH/USDC,pancakeswap,uniswap_v3,5000,25.107298725111832,0.5021459745022366,5.346125820723166,38174.000297900486
True,2025-10-16 16:25:00+00:00,ETH/DAI,pancakeswap,sushiswap,5000,22.032085043805637,0.44064170087611276,16.209335044558316,38196.03238294429
True,2025-10-16 16:40:00+00:00,MATIC/ETH,sushiswap,pancakeswap,5000,16.966936120138598,0.33933872240277196,14.734424675493983,38212.99931906443
True,2025-10-16 17:25:00+00:00,AAVE/USDT,pancakeswap,sushiswap,5000,15.140562199777378,0.30281124399554754,9.59505950451998,38228.13988126421
True,2025-10-16 22:55:00+00:00,ETH/DAI,pancakeswap,sushiswap,5000,12.284037407945107,0.24568074815890215,9.068220912328155,38240.42391867215
True,2025-10-16 23:05:00+00:00,ETH/DAI,sushiswap,pancakeswap,5000,14.275268639128626,0.28550537278257254,13.961078392839957,38254.699187311286
True,2025-10-17 00:05:00+00:00,BTC/ETH,pancakeswap,sushiswap,5000,30.642107588144427,0.6128421517628885,18.553142490356333,38285.34129489943
True,2025-10-17 00:50:00+00:00,ETH/USDT,pancakeswap,curve,5000,10.079187358522177,0.20158374717044353,16.385264986172917,38295.42048225795
True,2025-10-17 02:40:00+00:00,ETH/USDT,pancakeswap,sushiswap,5000,29.51294850467366,0.5902589700934732,5.479304877046003,38324.93343076262
True,2025-10-17 04:15:00+00:00,BTC/ETH,sushiswap,pancakeswap,5000,24.96704520570802,0.4993409041141604,19.629491155267612,38349.90047596833
True,2025-10-17 05:10:00+00:00,UNI/USDT,uniswap_v3,pancakeswap,5000,36.386706064936334,0.7277341212987266,9.574712847758112,38386.287182033266
True,2025-10-17 08:15:00+00:00,LINK/ETH,curve,pancakeswap,5000,17.428032485139738,0.34856064970279477,16.222426669365326,38403.71521451841
True,2025-10-17 09:00:00+00:00,UNI/ETH,pancakeswap,sushiswap,5000,22.02773985324984,0.44055479706499684,15.920802043397478,38425.74295437166
True,2025-10-17 13:15:00+00:00,AAVE/USDT,uniswap_v3,pancakeswap,5000,25.07834286466459,0.5015668572932919,20.291462505635256,38450.821297236325
True,2025-10-17 13:35:00+00:00,ETH/USDT,curve,pancakeswap,5000,12.151611968758516,0.2430322393751703,10.262904044043866,38462.972909205084
True,2025-10-17 19:40:00+00:00,BTC/ETH,pancakeswap,sushiswap,5000,13.110671897797147,0.26221343795594293,10.402932113326573,38476.08358110288
True,2025-10-17 22:40:00+00:00,BTC/USDT,pancakeswap,sushiswap,5000,21.732676860740867,0.43465353721481736,10.852456404219579,38497.81625796362
True,2025-10-17 23:40:00+00:00,UNI/USDT,sushiswap,pancakeswap,5000,10.002982498952406,0.2000596499790481,5.88837663178187,38507.81924046257
True,2025-10-18 04:05:00+00:00,BTC/USDT,sushiswap,pancakeswap,5000,47.2798891460061,0.9455977829201219,5.48806499987412,38555.09912960858
True,2025-10-18 04:15:00+00:00,BTC/USDT,uniswap_v3,pancakeswap,5000,42.62819589584433,0.8525639179168866,10.285298779454488,38597.72732550442
True,2025-10-18 06:05:00+00:00,UNI/ETH,uniswap_v3,pancakeswap,5000,12.344021672613962,0.24688043345227925,11.329252928266788,38610.071347177036
True,2025-10-18 06:05:00+00:00,UNI/USDT,pancakeswap,uniswap_v3,5000,26.77909181839732,0.5355818363679464,8.37787272968592,38636.85043899543
True,2025-10-18 07:40:00+00:00,AAVE/ETH,pancakeswap,uniswap_v3,5000,27.017622831970584,0.5403524566394117,13.918515608885437,38663.8680618274
True,2025-10-18 14:00:00+00:00,LINK/ETH,curve,pancakeswap,5000,11.127755122033705,0.2225551024406741,18.346533811467886,38674.995816949435
True,2025-10-18 15:30:00+00:00,ETH/DAI,sushiswap,pancakeswap,5000,29.96981685978335,0.599396337195667,13.025271586003308,38704.96563380922
True,2025-10-18 15:50:00+00:00,MATIC/ETH,uniswap_v3,pancakeswap,5000,13.379242900498866,0.26758485800997733,17.780785950320595,38718.344876709714
True,2025-10-18 20:00:00+00:00,MATIC/USDT,pancakeswap,sushiswap,5000,24.739917204727135,0.4947983440945427,12.117760168358975,38743.084793914444
True,2025-10-18 23:45:00+00:00,BTC/USDT,pancakeswap,uniswap_v3,5000,11.883902622561436,0.23767805245122872,6.307098034829014,38754.968696537006
True,2025-10-18 23:45:00+00:00,ETH/DAI,pancakeswap,sushiswap,5000,12.26974690548468,0.24539493810969362,5.428145073012347,38767.23844344249
True,2025-10-19 07:20:00+00:00,UNI/ETH,pancakeswap,sushiswap,5000,35.07532611815441,0.7015065223630881,9.346646799861011,38802.31376956064
True,2025-10-19 07:30:00+00:00,ETH/USDT,pancakeswap,uniswap_v3,5000,13.356344654556779,0.2671268930911356,17.955814410379897,38815.6701142152
True,2025-10-19 10:10:00+00:00,AAVE/ETH,pancakeswap,sushiswap,5000,15.110840944675147,0.30221681889350294,5.365736732320401,38830.78095515988
True,2025-10-19 11:35:00+00:00,LINK/ETH,pancakeswap,curve,5000,18.336394601667962,0.3667278920333592,18.684948199983534,38849.117349761545
True,2025-10-19 13:30:00+00:00,LINK/ETH,pancakeswap,sushiswap,5000,11.44725249811927,0.22894504996238538,12.826551359993397,38860.56460225966
True,2025-10-19 14:25:00+00:00,ETH/DAI,pancakeswap,uniswap_v3,5000,42.22530035714226,0.8445060071428453,6.859802957629444,38902.7899026168
True,2025-10-19 14:35:00+00:00,ETH/USDT,sushiswap,pancakeswap,5000,18.789317954858234,0.3757863590971647,5.7055974948997665,38921.57922057166
True,2025-10-19 17:00:00+00:00,AAVE/ETH,pancakeswap,sushiswap,5000,11.073315894263942,0.22146631788527885,11.504999539629017,38932.65253646592
True,2025-10-19 17:30:00+00:00,UNI/USDT,sushiswap,pancakeswap,5000,14.077127863108217,0.2815425572621644,7.2000446976875345,38946.729664329025
True,2025-10-19 17:40:00+00:00,LINK/USDT,sushiswap,pancakeswap,5000,18.70291431003261,0.37405828620065223,9.574563686681905,38965.432578639055
True,2025-10-19 21:00:00+00:00,AAVE/USDT,pancakeswap,sushiswap,5000,11.812410645437012,0.23624821290874026,18.88153176879503,38977.24498928449
True,2025-10-19 22:15:00+00:00,MATIC/ETH,pancakeswap,uniswap_v3,5000,47.07676574780544,0.9415353149561088,7.1806875258008045,39024.321755032295
True,2025-10-19 22:55:00+00:00,BTC/USDT,uniswap_v3,pancakeswap,5000,15.929106338238853,0.31858212676477704,12.731422653785446,39040.250861370536
True,2025-10-19 23:10:00+00:00,AAVE/USDT,pancakeswap,uniswap_v3,5000,18.234168326540384,0.3646833665308077,10.5048235493804,39058.485029697076
True,2025-10-20 00:45:00+00:00,LINK/USDT,sushiswap,uniswap_v3,5000,10.0002933385922,0.20000586677184404,15.928665442643018,39068.48532303567
True,2025-10-20 01:05:00+00:00,ETH/DAI,pancakeswap,uniswap_v3,5000,21.52517680051278,0.4305035360102556,6.2712899139026135,39090.01049983618
True,2025-10-20 02:05:00+00:00,UNI/USDT,uniswap_v3,pancakeswap,5000,11.222215822138423,0.22444431644276847,18.529915347749718,39101.23271565832
True,2025-10-20 05:50:00+00:00,ETH/USDC,sushiswap,pancakeswap,5000,17.1869531109096,0.343739062218192,7.29296865813067,39118.41966876923
True,2025-10-20 06:10:00+00:00,BTC/USDT,curve,pancakeswap,5000,15.671392975328672,0.3134278595065734,13.914978432366278,39134.09106174456
True,2025-10-20 11:10:00+00:00,MATIC/ETH,curve,pancakeswap,5000,10.439937731015561,0.20879875462031122,16.669235764706617,39144.53099947558
True,2025-10-20 13:35:00+00:00,UNI/ETH,pancakeswap,uniswap_v3,5000,17.259131261475886,0.3451826252295177,8.964676928811706,39161.790130737056
True,2025-10-20 18:00:00+00:00,MATIC/USDT,pancakeswap,sushiswap,5000,17.665882722761125,0.3533176544552225,11.700970946239153,39179.456013459814
True,2025-10-20 18:10:00+00:00,ETH/USDT,pancakeswap,uniswap_v3,5000,17.563709709224895,0.3512741941844979,6.400136552811711,39197.01972316904
True,2025-10-20 19:45:00+00:00,LINK/ETH,pancakeswap,uniswap_v3,5000,31.810446079995927,0.6362089215999185,15.91152110516608,39228.830169249035
True,2025-10-20 20:05:00+00:00,MATIC/ETH,pancakeswap,curve,5000,54.42906492471411,1.0885812984942822,22.51543807036863,39283.25923417375
True,2025-10-20 23:30:00+00:00,AAVE/ETH,pancakeswap,curve,5000,10.11161857935167,0.20223237158703342,12.757284179394066,39293.3708527531
True,2025-10-20 23:40:00+00:00,MATIC/USDT,pancakeswap,sushiswap,5000,24.290671796104107,0.48581343592208215,18.111389592870818,39317.6615245492
True,2025-10-21 00:10:00+00:00,LINK/ETH,sushiswap,pancakeswap,5000,15.214215340349256,0.30428430680698515,12.923379239709098,39332.87573988955
True,2025-10-21 02:00:00+00:00,ETH/USDC,pancakeswap,sushiswap,5000,12.241691222372538,0.24483382444745075,12.98326046293332,39345.11743111192
True,2025-10-21 02:50:00+00:00,BTC/ETH,pancakeswap,sushiswap,5000,20.334747101035646,0.4066949420207129,14.28682241997222,39365.45217821295
True,2025-10-21 03:10:00+00:00,AAVE/ETH,curve,pancakeswap,5000,10.56818109986034,0.2113636219972068,14.773875281979153,39376.02035931281
True,2025-10-21 04:10:00+00:00,MATIC/USDT,curve,pancakeswap,5000,29.038381469370506,0.5807676293874101,27.560546753818045,39405.05874078218
True,2025-10-21 04:25:00+00:00,MATIC/USDT,pancakeswap,sushiswap,5000,34.353115663184326,0.6870623132636865,12.123847405097532,39439.41185644537
True,2025-10-21 09:50:00+00:00,LINK/USDT,sushiswap,pancakeswap,5000,10.717125836380546,0.21434251672761093,6.756508355635193,39450.12898228175
True,2025-10-21 14:45:00+00:00,ETH/USDC,pancakeswap,sushiswap,5000,28.680555611602358,0.5736111122320472,11.8521614174744,39478.80953789335
True,2025-10-21 15:45:00+00:00,AAVE/USDT,sushiswap,pancakeswap,5000,27.707697914916935,0.5541539582983387,9.21636491552038,39506.517235808264
True,2025-10-21 17:20:00+00:00,ETH/USDC,pancakeswap,sushiswap,5000,17.115518806102955,0.3423103761220591,7.732338015974657,39523.632754614366
True,2025-10-21 18:30:00+00:00,LINK/USDT,pancakeswap,sushiswap,5000,17.968361203966197,0.359367224079324,18.71304433046408,39541.60111581833
True,2025-10-21 20:15:00+00:00,MATIC/ETH,pancakeswap,sushiswap,5000,12.707185742703587,0.2541437148540717,12.508118728975832,39554.30830156103
True,2025-10-21 21:35:00+00:00,MATIC/ETH,sushiswap,pancakeswap,5000,29.9421265321771,0.598842530643542,15.322118162273823,39584.25042809321
True,2025-10-21 22:10:00+00:00,ETH/DAI,pancakeswap,uniswap_v3,5000,23.229004283841277,0.46458008567682557,13.896615235019375,39607.479432377055
True,2025-10-21 23:25:00+00:00,ETH/USDC,pancakeswap,curve,5000,58.694523943161585,1.1738904788632316,15.886481636304227,39666.17395632021
True,2025-10-22 00:10:00+00:00,UNI/ETH,pancakeswap,curve,5000,10.850085466340715,0.21700170932681428,12.566385897994497,39677.02404178656
True,2025-10-22 02:30:00+00:00,UNI/ETH,pancakeswap,uniswap_v3,5000,11.07183798519236,0.2214367597038472,16.526406139067806,39688.09587977175
True,2025-10-22 05:15:00+00:00,AAVE/USDT,sushiswap,pancakeswap,5000,11.716280111356355,0.2343256022271271,9.81989311873195,39699.812159883106
True,2025-10-22 05:40:00+00:00,BTC/USDT,pancakeswap,curve,5000,32.73549186423497,0.6547098372846994,20.32872496717828,39732.54765174734
True,2025-10-22 06:45:00+00:00,LINK/USDT,sushiswap,pancakeswap,5000,13.807623593738754,0.27615247187477504,10.770248634530086,39746.355275341084
True,2025-10-22 07:45:00+00:00,ETH/USDT,pancakeswap,sushiswap,5000,22.808150068691248,0.456163001373825,8.291230315605656,39769.16342540977
True,2025-10-22 08:50:00+00:00,UNI/ETH,sushiswap,pancakeswap,5000,14.602075004661856,0.29204150009323715,6.641439764179107,39783.76550041443
True,2025-10-22 13:45:00+00:00,UNI/ETH,sushiswap,pancakeswap,5000,54.799941456424676,1.0959988291284937,9.93467562868565,39838.56544187086
True,2025-10-22 14:20:00+00:00,AAVE/ETH,sushiswap,pancakeswap,5000,10.064150769738262,0.20128301539476526,5.998870878002336,39848.629592640595
True,2025-10-22 14:50:00+00:00,ETH/USDT,sushiswap,pancakeswap,5000,30.895855650440353,0.617917113008807,7.105799384002096,39879.52544829104
True,2025-10-22 16:15:00+00:00,LINK/ETH,curve,pancakeswap,5000,26.47118575449167,0.5294237150898334,11.846573353360787,39905.99663404553
True,2025-10-22 17:00:00+00:00,AAVE/ETH,pancakeswap,sushiswap,5000,16.08334831171942,0.3216669662343884,8.135599792155398,39922.079982357245
True,2025-10-22 20:15:00+00:00,AAVE/ETH,sushiswap,pancakeswap,5000,12.12537080623133,0.24250741612462662,7.382286561593412,39934.205353163474
True,2025-10-22 22:30:00+00:00,AAVE/ETH,pancakeswap,sushiswap,5000,13.626605421448403,0.272532108428968,11.163325383794852,39947.831958584924
True,2025-10-22 23:20:00+00:00,BTC/ETH,pancakeswap,uniswap_v3,5000,18.079202153592632,0.36158404307185266,6.080366299113373,39965.91116073851
True,2025-10-23 00:35:00+00:00,LINK/ETH,pancakeswap,sushiswap,5000,41.321197923981345,0.8264239584796268,11.50782786253069,40007.23235866249
True,2025-10-23 00:40:00+00:00,MATIC/USDT,sushiswap,pancakeswap,5000,24.60676521615369,0.49213530432307384,13.721276830047348,40031.83912387864
True,2025-10-23 03:15:00+00:00,AAVE/USDT,sushiswap,pancakeswap,5000,11.722045185098068,0.23444090370196136,19.680893059389685,40043.56116906374
True,2025-10-23 03:55:00+00:00,AAVE/USDT,pancakeswap,sushiswap,5000,12.602115035852876,0.2520423007170575,8.614647634618253,40056.16328409959
True,2025-10-23 05:55:00+00:00,ETH/USDT,pancakeswap,sushiswap,5000,17.233171948059862,0.3446634389611973,6.452876539222799,40073.396456047645
True,2025-10-23 07:30:00+00:00,UNI/ETH,sushiswap,pancakeswap,5000,18.464947642725747,0.3692989528545149,16.214113733977662,40091.861403690375
True,2025-10-23 07:40:00+00:00,AAVE/USDT,curve,pancakeswap,5000,13.584534332288968,0.27169068664577933,14.959150955225361,40105.44593802266
True,2025-10-23 10:00:00+00:00,BTC/ETH,pancakeswap,sushiswap,5000,26.054809626592032,0.5210961925318406,5.522916174319402,40131.500747649254
True,2025-10-23 11:20:00+00:00,ETH/DAI,uniswap_v3,pancakeswap,5000,11.891132995528096,0.2378226599105619,12.654608567877581,40143.391880644784
True,2025-10-23 13:50:00+00:00,BTC/USDT,sushiswap,pancakeswap,5000,12.695978867240228,0.2539195773448046,15.712262838437496,40156.08785951202
True,2025-10-23 15:10:00+00:00,LINK/ETH,pancakeswap,sushiswap,5000,11.25606881397107,0.2251213762794214,7.943145745056104,40167.343928325994
True,2025-10-23 17:00:00+00:00,AAVE/ETH,pancakeswap,curve,5000,14.262659681621699,0.285253193632434,13.301180509243668,40181.60658800761
True,2025-10-23 17:35:00+00:00,LINK/USDT,pancakeswap,curve,5000,29.919090129767028,0.5983818025953406,12.341566030529455,40211.52567813738
True,2025-10-23 20:45:00+00:00,LINK/ETH,pancakeswap,sushiswap,5000,12.259951627227565,0.24519903254455128,6.70590743563201,40223.78562976461
True,2025-10-23 20:50:00+00:00,MATIC/ETH,pancakeswap,uniswap_v3,5000,14.603488098332491,0.2920697619666498,7.682816549711423,40238.38911786294
True,2025-10-23 23:20:00+00:00,LINK/ETH,curve,pancakeswap,5000,13.306571369086669,0.2661314273817334,11.558692859197226,40251.69568923203
True,2025-10-23 23:25:00+00:00,AAVE/ETH,pancakeswap,uniswap_v3,5000,24.143478718950064,0.4828695743790013,16.96961102221737,40275.83916795098
True,2025-10-24 04:00:00+00:00,AAVE/ETH,uniswap_v3,pancakeswap,5000,43.050396985242514,0.8610079397048503,10.624314861639354,40318.889564936224
True,2025-10-24 07:20:00+00:00,ETH/USDC,pancakeswap,curve,5000,18.340808739317254,0.3668161747863451,13.549285922100061,40337.23037367554
True,2025-10-24 07:40:00+00:00,MATIC/ETH,sushiswap,pancakeswap,5000,39.02867431041159,0.7805734862082317,11.162292546071122,40376.25904798595
True,2025-10-24 10:05:00+00:00,LINK/USDT,sushiswap,pancakeswap,5000,19.252427623055155,0.3850485524611031,18.960879630292464,40395.511475609004
True,2025-10-24 13:45:00+00:00,AAVE/ETH,pancakeswap,sushiswap,5000,82.48247611560237,1.6496495223120473,15.19320815514131,40477.99395172461
True,2025-10-24 14:00:00+00:00,ETH/USDC,uniswap_v3,pancakeswap,5000,19.679626153107165,0.3935925230621433,13.209506548847687,40497.673577877715
True,2025-10-24 14:40:00+00:00,AAVE/USDT,pancakeswap,sushiswap,5000,41.79902851035604,0.8359805702071208,7.37334910412025,40539.47260638807
True,2025-10-24 14:50:00+00:00,AAVE/ETH,curve,pancakeswap,5000,17.33133535914476,0.3466267071828952,13.37139780151204,40556.80394174722
True,2025-10-24 15:40:00+00:00,MATIC/ETH,sushiswap,pancakeswap,5000,27.10701016857638,0.5421402033715276,8.167815397852483,40583.910951915794
True,2025-10-24 16:25:00+00:00,ETH/DAI,curve,pancakeswap,5000,53.99417712586455,1.079883542517291,30.00360163744454,40637.90512904166
True,2025-10-24 17:55:00+00:00,UNI/USDT,uniswap_v3,pancakeswap,5000,17.475517865721486,0.3495103573144297,9.587957221419124,40655.38064690738
True,2025-10-24 18:20:00+00:00,AAVE/ETH,pancakeswap,uniswap_v3,5000,10.325461117668056,0.2065092223533611,11.17687579112554,40665.70610802505
True,2025-10-24 19:25:00+00:00,ETH/DAI,pancakeswap,sushiswap,5000,47.64846266668792,0.9529692533337584,16.24159059178988,40713.354570691736
True,2025-10-24 19:35:00+00:00,BTC/USDT,sushiswap,pancakeswap,5000,26.63559728706241,0.5327119457412482,7.741686283346432,40739.9901679788
True,2025-10-24 20:25:00+00:00,AAVE/ETH,sushiswap,pancakeswap,5000,20.748222652745426,0.4149644530549085,8.897521032250093,40760.738390631544
True,2025-10-24 21:40:00+00:00,BTC/USDT,pancakeswap,uniswap_v3,5000,16.258154505395396,0.3251630901079079,15.931273664877422,40776.99654513694
True,2025-10-24 23:50:00+00:00,MATIC/USDT,uniswap_v3,pancakeswap,5000,13.153171942587505,0.2630634388517501,11.640781364857357,40790.149717079534
True,2025-10-25 01:35:00+00:00,LINK/ETH,pancakeswap,uniswap_v3,5000,16.215330298674417,0.32430660597348837,7.591883872878632,40806.36504737821
True,2025-10-25 01:40:00+00:00,AAVE/ETH,curve,pancakeswap,5000,16.21799545331851,0.32435990906637013,26.541731634164375,40822.58304283153
True,2025-10-25 02:25:00+00:00,AAVE/USDT,pancakeswap,sushiswap,5000,12.853057216168054,0.2570611443233611,19.248214354607942,40835.4361000477
True,2025-10-25 05:55:00+00:00,BTC/ETH,pancakeswap,sushiswap,5000,20.687377177261624,0.4137475435452325,15.381184049815998,40856.12347722496
True,2025-10-25 06:35:00+00:00,LINK/USDT,pancakeswap,curve,5000,11.072587661497892,0.2214517532299578,27.968999883894178,40867.196064886455
True,2025-10-25 21:40:00+00:00,MATIC/USDT,pancakeswap,curve,5000,16.387927151583426,0.3277585430316685,16.683612283391387,40883.58399203804
True,2025-10-25 22:55:00+00:00,AAVE/ETH,sushiswap,pancakeswap,5000,21.718497490533082,0.4343699498106616,9.437095637852348,40905.30248952857
True,2025-10-26 00:15:00+00:00,AAVE/ETH,uniswap_v3,pancakeswap,5000,16.16208613539402,0.32324172270788043,9.969609005784049,40921.464575663966
True,2025-10-26 04:05:00+00:00,UNI/USDT,pancakeswap,uniswap_v3,5000,16.33267542642443,0.3266535085284886,11.120706347964733,40937.79725109039
True,2025-10-26 05:25:00+00:00,UNI/ETH,curve,pancakeswap,5000,29.740967010371605,0.5948193402074321,22.651031807657198,40967.538218100766
True,2025-10-26 06:10:00+00:00,MATIC/USDT,sushiswap,pancakeswap,5000,16.46993457847384,0.32939869156947676,10.72177338145721,40984.00815267924
True,2025-10-26 10:25:00+00:00,MATIC/USDT,pancakeswap,sushiswap,5000,44.87645533418254,0.8975291066836508,11.517047935714682,41028.884608013424
True,2025-10-26 12:05:00+00:00,UNI/ETH,curve,pancakeswap,5000,17.9584837126431,0.35916967425286206,21.690765533407003,41046.84309172607
True,2025-10-26 13:30:00+00:00,AAVE/USDT,pancakeswap,sushiswap,5000,21.77067862457625,0.43541357249152496,8.721387240877307,41068.61377035065
True,2025-10-26 13:35:00+00:00,MATIC/USDT,sushiswap,pancakeswap,5000,15.253089570313023,0.30506179140626044,13.097277789745492,41083.86685992096
True,2025-10-26 16:30:00+00:00,AAVE/ETH,pancakeswap,curve,5000,19.289955250723324,0.38579910501446646,10.717402226290956,41103.156815171686
True,2025-10-26 18:55:00+00:00,BTC/USDT,pancakeswap,sushiswap,5000,11.143605310514431,0.2228721062102886,16.870598272859887,41114.3004204822
True,2025-10-26 20:10:00+00:00,ETH/USDT,pancakeswap,sushiswap,5000,14.824224018019777,0.29648448036039554,17.325452236438405,41129.12464450022
True,2025-10-26 20:30:00+00:00,BTC/USDT,sushiswap,pancakeswap,5000,20.812485836641827,0.4162497167328365,9.485663697693383,41149.93713033686
True,2025-10-26 21:05:00+00:00,AAVE/ETH,curve,pancakeswap,5000,14.014751614973648,0.28029503229947295,11.883556805983025,41163.951881951834
True,2025-10-26 23:20:00+00:00,AAVE/USDT,pancakeswap,uniswap_v3,5000,12.282904372918892,0.24565808745837786,9.967038339298943,41176.234786324756
True,2025-10-27 00:40:00+00:00,UNI/ETH,sushiswap,pancakeswap,5000,10.192874893892622,0.20385749787785243,6.194101313161666,41186.42766121865
True,2025-10-27 01:25:00+00:00,UNI/USDT,sushiswap,pancakeswap,5000,40.644428945822256,0.8128885789164452,15.517948418114464,41227.072090164475
True,2025-10-27 03:40:00+00:00,MATIC/ETH,pancakeswap,sushiswap,5000,16.62573912570133,0.3325147825140266,5.874880586284151,41243.69782929018
True,2025-10-27 10:15:00+00:00,ETH/USDT,curve,pancakeswap,5000,41.945826030671014,0.8389165206134203,10.949938809098425,41285.64365532085
True,2025-10-27 12:00:00+00:00,AAVE/USDT,sushiswap,pancakeswap,5000,13.644028443033676,0.2728805688606735,5.3210253297333105,41299.28768376388
True,2025-10-27 13:50:00+00:00,ETH/USDT,uniswap_v3,pancakeswap,5000,16.688029992878,0.33376059985756,5.783323562449502,41315.975713756765
True,2025-10-27 15:20:00+00:00,AAVE/ETH,sushiswap,pancakeswap,5000,10.386944296205911,0.2077388859241182,16.106917435813358,41326.36265805297
True,2025-10-27 15:40:00+00:00,AAVE/USDT,curve,pancakeswap,5000,16.39588086411277,0.3279176172822554,18.223396602412762,41342.75853891708
True,2025-10-27 16:00:00+00:00,BTC/USDT,pancakeswap,sushiswap,5000,13.724785904037162,0.27449571808074325,7.195160847772037,41356.483324821114
True,2025-10-27 16:50:00+00:00,MATIC/ETH,pancakeswap,sushiswap,5000,24.95227058297405,0.499045411659481,10.344889431961363,41381.43559540409
True,2025-10-27 16:55:00+00:00,LINK/USDT,pancakeswap,sushiswap,5000,19.89509235378773,0.39790184707575466,6.451969273398703,41401.33068775787
True,2025-10-27 20:00:00+00:00,ETH/DAI,pancakeswap,curve,5000,27.731807126355307,0.5546361425271061,18.842166876935238,41429.06249488423
True,2025-10-28 02:40:00+00:00,UNI/ETH,pancakeswap,sushiswap,5000,22.110579870935,0.44221159741870003,17.667948283438466,41451.17307475516
True,2025-10-28 08:55:00+00:00,MATIC/USDT,sushiswap,pancakeswap,5000,13.915824410248206,0.27831648820496413,19.967684548688993,41465.088899165414
True,2025-10-28 11:55:00+00:00,BTC/USDT,sushiswap,pancakeswap,5000,21.167864567738434,0.4233572913547687,5.799558415499574,41486.25676373315
True,2025-10-28 13:55:00+00:00,MATIC/USDT,sushiswap,pancakeswap,5000,11.511921467083994,0.23023842934167987,6.1760059341956115,41497.76868520024
True,2025-10-28 14:00:00+00:00,BTC/USDT,pancakeswap,curve,5000,15.705780368081832,0.31411560736163663,28.03311038435504,41513.47446556832
True,2025-10-28 16:35:00+00:00,UNI/USDT,pancakeswap,uniswap_v3,5000,17.713001026320853,0.3542600205264171,7.385313597822418,41531.18746659464
True,2025-10-28 17:10:00+00:00,ETH/DAI,sushiswap,pancakeswap,5000,18.13265817082629,0.36265316341652576,5.23209233725129,41549.320124765465
True,2025-10-28 18:15:00+00:00,BTC/USDT,uniswap_v3,pancakeswap,5000,11.022275641664237,0.22044551283328476,8.128858184224715,41560.34240040713
True,2025-10-28 19:45:00+00:00,LINK/USDT,sushiswap,pancakeswap,5000,13.388533737545004,0.26777067475090005,17.481455968514144,41573.730934144674
True,2025-10-28 20:15:00+00:00,LINK/USDT,pancakeswap,sushiswap,5000,12.050193931387184,0.2410038786277437,7.499313733788908,41585.781128076065
True,2025-10-29 03:15:00+00:00,MATIC/ETH,sushiswap,pancakeswap,5000,18.324098652534303,0.366481973050686,13.759247379089746,41604.1052267286
True,2025-10-29 03:40:00+00:00,LINK/USDT,sushiswap,pancakeswap,5000,16.979199138266267,0.33958398276532537,7.9883372413317915,41621.084425866866
True,2025-10-29 03:50:00+00:00,UNI/ETH,sushiswap,pancakeswap,5000,19.121052582922857,0.38242105165845713,6.6646738361356395,41640.20547844979
True,2025-10-29 06:00:00+00:00,UNI/USDT,sushiswap,pancakeswap,5000,18.573399558177698,0.37146799116355395,14.57453329703986,41658.778878007965
True,2025-10-29 12:10:00+00:00,UNI/USDT,sushiswap,pancakeswap,5000,10.999137209706532,0.21998274419413066,12.967894070472791,41669.77801521767
True,2025-10-29 15:15:00+00:00,LINK/ETH,sushiswap,pancakeswap,5000,11.475954403596916,0.22951908807193833,13.247556646732674,41681.25396962127
True,2025-10-29 15:30:00+00:00,LINK/ETH,pancakeswap,curve,5000,17.98525242181404,0.35970504843628076,12.572714134020721,41699.239222043085
True,2025-10-29 19:15:00+00:00,BTC/USDT,sushiswap,pancakeswap,5000,11.011541744152964,0.22023083488305928,15.57741482537707,41710.25076378724
True,2025-10-29 20:00:00+00:00,MATIC/USDT,sushiswap,pancakeswap,5000,17.835355328479636,0.3567071065695927,6.55899639245689,41728.08611911572
True,2025-10-29 20:40:00+00:00,MATIC/USDT,uniswap_v3,pancakeswap,5000,20.316259057015486,0.4063251811403097,9.077277871279984,41748.40237817273
True,2025-10-29 22:05:00+00:00,ETH/USDC,pancakeswap,sushiswap,5000,28.868609104077223,0.5773721820815444,20.419236210490876,41777.27098727681
True,2025-10-29 23:05:00+00:00,ETH/USDC,pancakeswap,sushiswap,5000,15.32347964897781,0.30646959297955617,5.460188845087164,41792.59446692579
True,2025-10-30 01:10:00+00:00,ETH/USDC,pancakeswap,sushiswap,5000,17.547217925982295,0.3509443585196459,9.494162014473648,41810.14168485177
True,2025-10-30 01:10:00+00:00,UNI/ETH,sushiswap,pancakeswap,5000,14.615264284417208,0.29230528568834413,7.985388774092404,41824.75694913619
True,2025-10-30 03:50:00+00:00,MATIC/ETH,uniswap_v3,pancakeswap,5000,32.59966866254763,0.6519933732509525,10.193876802686486,41857.35661779874
True,2025-10-30 08:15:00+00:00,AAVE/USDT,curve,pancakeswap,5000,31.20908878370301,0.6241817756740602,16.567513398664598,41888.56570658244
True,2025-10-30 13:45:00+00:00,UNI/USDT,sushiswap,pancakeswap,5000,22.906445476699446,0.45812890953398894,6.878482840941693,41911.47215205914
True,2025-10-30 14:45:00+00:00,LINK/ETH,pancakeswap,uniswap_v3,5000,12.013520738035368,0.24027041476070735,7.882594364283886,41923.48567279718
True,2025-10-30 15:15:00+00:00,LINK/USDT,sushiswap,pancakeswap,5000,10.5246064618741,0.210492129237482,14.440915256798661,41934.010279259055
True,2025-10-30 15:55:00+00:00,MATIC/USDT,sushiswap,pancakeswap,5000,59.64454439994552,1.1928908879989102,17.998932462404433,41993.654823659
True,2025-10-30 16:55:00+00:00,ETH/DAI,pancakeswap,uniswap_v3,5000,35.72968985237094,0.7145937970474188,13.7629120793297,42029.38451351137
True,2025-10-30 19:35:00+00:00,MATIC/USDT,curve,pancakeswap,5000,27.91661090071011,0.5583322180142022,27.807440553173787,42057.301124412086
True,2025-10-30 20:20:00+00:00,MATIC/ETH,sushiswap,pancakeswap,5000,21.129899038511212,0.4225979807702242,10.911386967118135,42078.4310234506
True,2025-10-30 21:10:00+00:00,UNI/ETH,pancakeswap,sushiswap,5000,19.71695116219871,0.39433902324397424,10.180989743507668,42098.147974612795
True,2025-10-30 21:15:00+00:00,AAVE/ETH,curve,pancakeswap,5000,15.336616788596075,0.3067323357719215,11.467030538478044,42113.48459140139
True,2025-10-31 02:05:00+00:00,ETH/USDC,sushiswap,pancakeswap,5000,39.24291044662914,0.7848582089325827,16.961124436097762,42152.72750184802
True,2025-10-31 04:10:00+00:00,MATIC/ETH,pancakeswap,uniswap_v3,5000,36.368786830006684,0.7273757366001337,8.128801788448563,42189.096288678025
True,2025-10-31 05:25:00+00:00,BTC/USDT,sushiswap,pancakeswap,5000,13.681507964403863,0.27363015928807727,9.919528625513657,42202.77779664243
True,2025-10-31 05:40:00+00:00,LINK/USDT,pancakeswap,sushiswap,5000,28.520704785458292,0.5704140957091658,7.164947921496847,42231.29850142789
True,2025-10-31 06:00:00+00:00,LINK/USDT,pancakeswap,sushiswap,5000,19.353414151913057,0.38706828303826113,15.945619492966868,42250.6519155798
True,2025-10-31 09:00:00+00:00,LINK/USDT,sushiswap,pancakeswap,5000,16.51383194236132,0.3302766388472264,11.149146895177857,42267.165747522165
True,2025-10-31 10:20:00+00:00,LINK/USDT,sushiswap,pancakeswap,5000,14.19023845641641,0.2838047691283282,7.7232022744594255,42281.35598597858
True,2025-10-31 10:35:00+00:00,ETH/USDC,sushiswap,pancakeswap,5000,11.021466402084116,0.2204293280416823,8.45688119973162,42292.377452380664
True,2025-10-31 10:45:00+00:00,ETH/USDC,sushiswap,pancakeswap,5000,24.208952223586493,0.4841790444717299,13.160421285354936,42316.58640460425
True,2025-10-31 10:50:00+00:00,BTC/ETH,pancakeswap,sushiswap,5000,24.710097725002925,0.49420195450005855,12.062701908236352,42341.29650232925
True,2025-10-31 16:20:00+00:00,LINK/USDT,uniswap_v3,pancakeswap,5000,12.24019129278713,0.24480382585574265,6.761295653996019,42353.53669362204
True,2025-10-31 21:00:00+00:00,LINK/USDT,sushiswap,pancakeswap,5000,24.443301728300867,0.48886603456601735,8.067607992036777,42377.97999535034
True,2025-10-31 21:50:00+00:00,ETH/USDT,pancakeswap,curve,5000,10.256330572388833,0.20512661144777666,13.213523229490741,42388.23632592273
True,2025-10-31 23:20:00+00:00,LINK/USDT,sushiswap,pancakeswap,5000,21.787068170668135,0.43574136341336267,8.477230687867184,42410.0233940934
